Open time,Open,High,Low,Close,Volume
2018-01-01 01:00:00,13715.65,13818.55,12750.0,13380.0,8609.92
2018-01-02 01:00:00,13382.16,15473.49,12890.02,14675.11,20078.09
2018-01-03 01:00:00,14690.0,15307.56,14150.0,14919.51,15905.67
2018-01-04 01:00:00,14919.51,15280.0,13918.04,15059.54,21329.65
2018-01-05 01:00:00,15059.56,17176.24,14600.0,16960.39,23251.49
2018-01-06 01:00:00,16960.39,17143.13,16011.21,17069.79,18571.46
2018-01-07 01:00:00,17069.79,17099.96,15610.0,16150.03,12493.13
2018-01-08 01:00:00,16218.85,16322.3,12812.0,14902.54,26600.61
2018-01-09 01:00:00,14902.54,15500.0,14011.05,14400.0,14315.0
2018-01-10 01:00:00,14401.0,14955.66,13131.31,14907.09,17411.0
2018-01-11 01:00:00,14940.0,14968.68,11400.0,13238.78,33554.72
2018-01-12 01:00:00,13238.76,14109.78,12500.0,13740.01,16417.16
2018-01-13 01:00:00,13749.95,14580.0,13706.15,14210.0,12221.51
2018-01-14 01:00:00,14210.0,14339.5,12569.2,13474.99,17017.89
2018-01-15 01:00:00,13477.98,14249.99,13147.79,13539.93,14652.09
2018-01-16 01:00:00,13500.0,13542.93,9035.0,10900.0,63401.17
2018-01-17 01:00:00,10899.99,11680.99,9037.94,10988.79,72331.8
2018-01-18 01:00:00,10972.59,11878.82,10435.33,10961.97,48464.43
2018-01-19 01:00:00,10960.0,11795.0,10360.0,11474.98,34129.38
2018-01-20 01:00:00,11474.98,13099.0,11412.45,12799.94,28768.86
2018-01-21 01:00:00,12799.8,12799.8,10965.0,11530.0,41379.77
2018-01-22 01:00:00,11530.0,11926.35,9900.24,10760.05,43752.61
2018-01-23 01:00:00,10760.05,11399.0,9905.0,10799.18,37473.92
2018-01-24 01:00:00,10799.14,11570.48,10500.0,11349.99,27158.59
2018-01-25 01:00:00,11349.96,11794.05,10950.21,11175.27,20839.95
2018-01-26 01:00:00,11184.7,11643.0,10311.15,11089.0,33056.87
2018-01-27 01:00:00,11089.0,11650.0,10842.69,11491.0,18860.77
2018-01-28 01:00:00,11499.98,12244.0,11408.0,11879.95,16887.34
2018-01-29 01:00:00,11879.95,11975.02,11139.55,11251.0,14170.38
2018-01-30 01:00:00,11250.11,11308.42,9900.0,10237.51,25554.37
2018-01-31 01:00:00,10230.0,10425.85,9700.0,10285.1,18015.96
2018-02-01 01:00:00,10285.1,10335.0,8750.99,9224.52,33564.76
2018-02-02 01:00:00,9224.52,9250.0,8010.02,8873.03,49971.63
2018-02-03 01:00:00,8873.03,9473.01,8229.0,9199.96,28725.0
2018-02-04 01:00:00,9199.96,9368.0,7930.0,8184.81,32014.31
2018-02-05 01:00:00,8179.99,8382.8,6625.0,6939.99,63403.18
2018-02-06 01:00:00,6939.63,7878.0,6000.01,7652.14,100201.5
2018-02-07 01:00:00,7655.02,8476.0,7150.01,7599.0,60778.46
2018-02-08 01:00:00,7599.0,7844.0,7572.09,7784.02,1521.54
2018-02-09 01:00:00,7789.9,8738.0,7789.9,8683.92,20482.91
2018-02-10 01:00:00,8683.93,9065.78,8120.0,8533.98,49381.51
2018-02-11 01:00:00,8533.99,8549.0,7726.53,8063.88,45025.19
2018-02-12 01:00:00,8063.82,8989.0,8053.0,8903.0,41987.85
2018-02-13 01:00:00,8903.0,8950.0,8351.0,8539.9,35454.97
2018-02-14 01:00:00,8535.17,9489.6,8533.0,9449.99,40811.95
2018-02-15 01:00:00,9449.98,10219.5,9301.5,10000.09,52427.6
2018-02-16 01:00:00,10000.89,10323.37,9666.0,10159.98,38161.21
2018-02-17 01:00:00,10156.07,11075.07,10050.0,11039.55,41882.11
2018-02-18 01:00:00,11039.55,11274.0,10080.0,10383.43,61137.38
2018-02-19 01:00:00,10375.01,11250.0,10270.33,11153.0,40831.42
2018-02-20 01:00:00,11147.11,11786.01,11100.59,11200.99,48153.35
2018-02-21 01:00:00,11195.07,11304.03,10200.0,10437.6,68113.82
2018-02-22 01:00:00,10439.02,10933.44,9679.0,9811.04,67060.17
2018-02-23 01:00:00,9815.55,10435.0,9570.19,10131.04,57202.7
2018-02-24 01:00:00,10131.04,10496.97,9352.0,9694.51,40888.16
2018-02-25 01:00:00,9694.51,9847.0,9274.8,9590.0,28373.52
2018-02-26 01:00:00,9590.0,10444.32,9350.0,10324.0,34878.29
2018-02-27 01:00:00,10321.0,10870.0,10121.0,10569.04,30705.39
2018-02-28 01:00:00,10584.33,11098.0,10300.0,10326.76,30800.98
2018-03-01 01:00:00,10325.64,11060.41,10240.0,10920.0,25092.55
2018-03-02 01:00:00,10923.36,11200.0,10770.0,11039.0,23910.71
2018-03-03 01:00:00,11038.99,11544.0,11015.01,11464.48,21287.15
2018-03-04 01:00:00,11464.47,11565.0,11050.02,11515.0,17295.92
2018-03-05 01:00:00,11515.0,11710.0,11415.01,11454.0,15144.23
2018-03-06 01:00:00,11455.0,11455.0,10555.48,10716.48,29515.57
2018-03-07 01:00:00,10716.48,10899.0,9389.31,9910.0,50647.67
2018-03-08 01:00:00,9910.0,10099.0,9060.0,9271.64,41109.47
2018-03-09 01:00:00,9267.07,9410.0,8329.0,9227.0,64112.29
2018-03-10 01:00:00,9230.0,9490.0,8667.07,8770.22,37180.01
2018-03-11 01:00:00,8770.22,9740.0,8450.0,9533.57,44325.97
2018-03-12 01:00:00,9533.57,9888.88,8780.0,9131.34,42230.78
2018-03-13 01:00:00,9131.34,9474.0,8823.0,9150.0,40191.41
2018-03-14 01:00:00,9151.92,9333.78,7900.28,8170.0,49708.09
2018-03-15 01:00:00,8184.01,8430.0,7650.0,8240.98,52291.02
2018-03-16 01:00:00,8240.98,8611.64,7900.0,8260.0,38815.41
2018-03-17 01:00:00,8260.0,8348.62,7721.99,7824.8,33110.21
2018-03-18 01:00:00,7824.01,8317.4,7322.0,8189.99,59488.23
2018-03-19 01:00:00,8189.0,8705.23,8088.4,8600.0,55297.08
2018-03-20 01:00:00,8595.01,9050.0,8280.0,8909.98,44865.11
2018-03-21 01:00:00,8909.96,9177.01,8750.6,8885.0,39972.41
2018-03-22 01:00:00,8884.82,9100.0,8465.1,8722.9,40617.56
2018-03-23 01:00:00,8720.0,8909.0,8269.0,8898.03,39991.01
2018-03-24 01:00:00,8898.04,8999.95,8491.0,8546.86,35466.61
2018-03-25 01:00:00,8531.25,8669.85,8365.77,8470.15,29001.77
2018-03-26 02:00:00,8470.14,8514.89,7831.0,8134.23,44033.6
2018-03-27 02:00:00,8134.22,8215.94,7730.0,7795.51,37427.65
2018-03-28 02:00:00,7795.51,8109.0,7728.0,7949.3,26401.33
2018-03-29 02:00:00,7949.3,7975.0,6941.11,7090.14,54620.92
2018-03-30 02:00:00,7090.16,7292.43,6600.1,6840.23,65306.03
2018-03-31 02:00:00,6840.24,7223.36,6777.0,6923.91,36868.54
2018-04-01 02:00:00,6922.0,7049.98,6430.0,6813.01,44071.43
2018-04-02 02:00:00,6813.01,7125.0,6765.0,7056.0,32123.56
2018-04-03 02:00:00,7063.97,7520.0,7011.01,7405.21,37787.33
2018-04-04 02:00:00,7405.21,7427.52,6707.0,6796.1,42227.18
2018-04-05 02:00:00,6796.1,6902.0,6566.69,6770.76,39029.73
2018-04-06 02:00:00,6770.0,6850.0,6500.0,6601.39,27455.01
2018-04-07 02:00:00,6601.39,7070.0,6586.28,6895.8,32269.58
2018-04-08 02:00:00,6895.81,7109.13,6880.0,7018.0,21427.67
2018-04-09 02:00:00,7011.04,7185.0,6611.0,6782.72,34078.3
2018-04-10 02:00:00,6781.55,6890.0,6656.0,6843.9,22326.73
2018-04-11 02:00:00,6839.56,6990.0,6787.0,6953.79,23997.87
2018-04-12 02:00:00,6953.78,8012.23,6743.2,7923.0,64861.6
2018-04-13 02:00:00,7922.99,8233.39,7732.0,7877.41,55044.52
2018-04-14 02:00:00,7877.48,8186.0,7810.0,7999.01,31621.29
2018-04-15 02:00:00,8004.0,8429.54,7999.02,8355.0,27946.72
2018-04-16 02:00:00,8355.07,8419.0,7867.0,8064.92,36664.07
2018-04-17 02:00:00,8064.92,8173.7,7825.4,7885.02,32152.6
2018-04-18 02:00:00,7890.96,8236.43,7868.0,8173.0,26969.04
2018-04-19 02:00:00,8173.99,8296.0,8080.0,8278.0,27113.85
2018-04-20 02:00:00,8273.84,8930.0,8177.09,8856.98,39795.34
2018-04-21 02:00:00,8852.12,9035.0,8565.0,8915.31,40872.23
2018-04-22 02:00:00,8915.31,9020.67,8727.68,8787.02,29458.25
2018-04-23 02:00:00,8785.7,8985.0,8745.0,8934.01,25838.11
2018-04-24 02:00:00,8934.0,9731.01,8922.0,9619.99,46268.79
2018-04-25 02:00:00,9618.96,9759.82,8730.0,8869.99,81110.04
2018-04-26 02:00:00,8869.99,9307.48,8651.62,9266.0,43300.3
2018-04-27 02:00:00,9267.03,9395.0,8889.0,8915.35,37241.35
2018-04-28 02:00:00,8915.35,9427.48,8870.0,9348.0,34759.63
2018-04-29 02:00:00,9348.0,9570.51,9163.74,9419.0,38149.85
2018-04-30 02:00:00,9417.04,9458.64,9124.99,9246.01,35002.03
2018-05-01 02:00:00,9246.01,9248.99,8800.49,9071.48,41018.46
2018-05-02 02:00:00,9071.48,9268.0,8970.2,9247.84,26123.54
2018-05-03 02:00:00,9247.81,9844.0,9168.4,9750.0,38768.39
2018-05-04 02:00:00,9750.0,9830.04,9520.85,9713.99,28681.59
2018-05-05 02:00:00,9714.0,10020.0,9682.0,9864.0,24990.02
2018-05-06 02:00:00,9863.99,9970.0,9417.03,9659.01,27690.35
2018-05-07 02:00:00,9661.02,9689.67,9181.0,9365.0,33787.64
2018-05-08 02:00:00,9365.0,9475.7,9060.54,9187.56,25533.83
2018-05-09 02:00:00,9178.0,9390.0,8965.0,9310.0,25673.52
2018-05-10 02:00:00,9310.0,9395.12,8970.0,9002.2,25055.06
2018-05-11 02:00:00,9002.21,9016.8,8341.0,8400.0,48227.05
2018-05-12 02:00:00,8405.94,8646.88,8153.0,8465.94,40241.32
2018-05-13 02:00:00,8475.44,8763.36,8298.0,8679.71,25632.87
2018-05-14 02:00:00,8679.71,8879.99,8277.0,8663.34,37389.67
2018-05-15 02:00:00,8663.37,8859.99,8401.3,8462.0,28126.96
2018-05-16 02:00:00,8462.0,8488.0,8083.01,8330.0,31130.72
2018-05-17 02:00:00,8330.0,8464.0,7979.0,8041.46,25439.84
2018-05-18 02:00:00,8038.82,8273.21,7911.9,8239.81,23476.16
2018-05-19 02:00:00,8238.01,8390.8,8095.73,8233.49,17193.42
2018-05-20 02:00:00,8233.49,8609.0,8163.9,8526.98,19957.06
2018-05-21 02:00:00,8526.97,8595.31,8305.0,8381.24,21516.6
2018-05-22 02:00:00,8386.89,8400.18,7935.11,7977.11,23710.9
2018-05-23 02:00:00,7977.12,8031.9,7425.0,7501.95,42910.67
2018-05-24 02:00:00,7501.95,7730.73,7266.99,7575.01,37845.45
2018-05-25 02:00:00,7578.99,7649.55,7308.15,7457.0,26739.96
2018-05-26 02:00:00,7456.99,7620.0,7300.0,7333.96,19464.09
2018-05-27 02:00:00,7334.0,7400.0,7231.11,7338.99,18706.95
2018-05-28 02:00:00,7338.99,7437.0,7058.02,7099.0,27219.44
2018-05-29 02:00:00,7099.0,7540.0,7032.95,7461.29,39407.21
2018-05-30 02:00:00,7467.98,7569.0,7260.5,7375.96,32041.58
2018-05-31 02:00:00,7382.07,7699.0,7327.51,7485.01,30776.06
2018-06-01 02:00:00,7485.01,7608.55,7355.54,7521.01,28259.12
2018-06-02 02:00:00,7521.01,7697.33,7437.0,7640.03,26720.69
2018-06-03 02:00:00,7636.81,7786.69,7600.0,7714.26,27505.16
2018-06-04 02:00:00,7714.26,7760.52,7446.5,7487.0,32258.84
2018-06-05 02:00:00,7487.0,7679.49,7358.0,7625.0,31722.97
2018-06-06 02:00:00,7626.64,7699.0,7467.05,7658.84,27229.99
2018-06-07 02:00:00,7658.79,7765.0,7620.0,7691.08,25062.23
2018-06-08 02:00:00,7691.08,7703.5,7531.0,7603.44,23396.8
2018-06-09 02:00:00,7603.44,7683.98,7450.0,7491.73,19339.89
2018-06-10 02:00:00,7491.73,7491.73,6622.81,6764.99,52342.02
2018-06-11 02:00:00,6765.0,6922.0,6610.0,6872.0,34552.16
2018-06-12 02:00:00,6872.0,6890.51,6435.0,6530.0,36722.21
2018-06-13 02:00:00,6530.0,6627.6,6118.68,6292.78,46185.52
2018-06-14 02:00:00,6292.78,6720.0,6260.0,6635.98,44478.13
2018-06-15 02:00:00,6638.67,6666.66,6362.31,6388.9,30018.33
2018-06-16 02:00:00,6380.01,6560.0,6320.86,6483.98,22277.24
2018-06-17 02:00:00,6482.5,6589.03,6422.0,6449.61,19847.25
2018-06-18 02:00:00,6444.06,6794.38,6380.0,6712.46,31821.43
2018-06-19 02:00:00,6711.39,6841.74,6653.0,6741.21,24311.42
2018-06-20 02:00:00,6740.0,6817.23,6551.81,6761.51,26359.75
2018-06-21 02:00:00,6763.21,6795.0,6672.57,6718.84,25428.85
2018-06-22 02:00:00,6717.69,6733.97,5918.94,6045.0,52157.37
2018-06-23 02:00:00,6045.92,6260.0,6008.48,6149.98,26622.79
2018-06-24 02:00:00,6149.98,6259.8,5750.0,6136.97,47446.0
2018-06-25 02:00:00,6137.95,6350.0,6061.97,6252.0,39164.52
2018-06-26 02:00:00,6252.0,6272.54,6035.0,6070.78,19377.24
2018-06-27 02:00:00,6065.89,6190.43,5971.0,6133.73,19225.67
2018-06-28 02:00:00,6134.73,6173.01,5827.0,5853.98,30585.27
2018-06-29 02:00:00,5851.01,6300.0,5780.0,6197.92,33911.29
2018-06-30 02:00:00,6197.92,6528.99,6186.03,6390.07,37919.61
2018-07-01 02:00:00,6391.08,6441.06,6251.0,6356.81,27562.97
2018-07-02 02:00:00,6360.82,6685.0,6271.62,6615.29,36230.45
2018-07-03 02:00:00,6615.29,6679.35,6463.01,6513.86,38657.78
2018-07-04 02:00:00,6511.01,6784.92,6441.11,6586.98,23571.89
2018-07-05 02:00:00,6585.53,6712.0,6453.33,6529.2,35071.97
2018-07-06 02:00:00,6529.2,6648.54,6425.0,6609.78,29397.09
2018-07-07 02:00:00,6609.79,6818.16,6508.88,6756.98,23973.88
2018-07-08 02:00:00,6753.48,6780.0,6667.44,6712.1,24622.95
2018-07-09 02:00:00,6712.1,6802.06,6612.24,6662.12,26732.41
2018-07-10 02:00:00,6662.78,6681.0,6263.0,6296.91,38560.67
2018-07-11 02:00:00,6296.91,6406.0,6278.99,6378.07,28715.5
2018-07-12 02:00:00,6378.07,6380.28,6070.0,6250.57,31306.66
2018-07-13 02:00:00,6251.4,6350.0,6110.0,6214.57,26375.33
2018-07-14 02:00:00,6214.57,6335.0,6178.0,6251.99,17783.07
2018-07-15 02:00:00,6250.9,6395.0,6225.4,6353.01,22979.21
2018-07-16 02:00:00,6354.15,6747.3,6330.4,6723.35,36204.88
2018-07-17 02:00:00,6723.33,7468.99,6652.04,7317.44,52105.42
2018-07-18 02:00:00,7317.44,7588.08,7225.38,7381.9,59487.64
2018-07-19 02:00:00,7381.88,7576.28,7270.0,7466.21,41218.26
2018-07-20 02:00:00,7468.86,7700.0,7273.0,7337.53,46140.31
2018-07-21 02:00:00,7337.47,7458.47,7211.0,7398.78,28886.49
2018-07-22 02:00:00,7399.25,7582.4,7335.5,7394.79,30270.22
2018-07-23 02:00:00,7394.78,7833.0,7375.0,7721.01,41646.35
2018-07-24 02:00:00,7721.65,8486.0,7696.0,8397.24,60121.16
2018-07-25 02:00:00,8397.24,8491.77,8050.0,8175.64,48257.65
2018-07-26 02:00:00,8175.63,8315.69,7850.06,7920.0,43223.48
2018-07-27 02:00:00,7920.0,8285.0,7805.0,8188.57,43671.01
2018-07-28 02:00:00,8188.57,8246.54,8067.0,8225.04,26215.17
2018-07-29 02:00:00,8225.04,8294.51,8115.0,8211.0,25531.23
2018-07-30 02:00:00,8210.99,8273.0,7866.0,8173.92,39692.42
2018-07-31 02:00:00,8171.4,8180.0,7633.0,7730.93,48296.92
2018-08-01 02:00:00,7735.67,7750.0,7430.0,7604.58,42582.31
2018-08-02 02:00:00,7600.08,7709.46,7455.72,7525.71,37665.7
2018-08-03 02:00:00,7525.71,7540.0,7282.44,7418.78,44669.49
2018-08-04 02:00:00,7412.27,7494.81,6926.0,7009.84,36288.43
2018-08-05 02:00:00,7009.84,7089.87,6882.29,7024.19,32894.85
2018-08-06 02:00:00,7024.19,7160.0,6821.0,6934.82,32760.19
2018-08-07 02:00:00,6935.0,7150.46,6670.0,6720.06,45438.47
2018-08-08 02:00:00,6720.63,6721.54,6123.0,6285.0,59550.54
2018-08-09 02:00:00,6283.27,6622.81,6178.6,6529.79,51941.19
2018-08-10 02:00:00,6529.79,6575.88,6026.39,6144.01,59034.97
2018-08-11 02:00:00,6148.13,6488.0,5971.0,6232.35,47133.42
2018-08-12 02:00:00,6222.55,6472.3,6130.0,6308.33,38567.77
2018-08-13 02:00:00,6308.56,6545.0,6145.04,6246.35,53895.83
2018-08-14 02:00:00,6248.25,6250.33,5880.0,6188.08,50186.75
2018-08-15 02:00:00,6188.08,6609.0,6172.11,6267.16,68806.69
2018-08-16 02:00:00,6265.27,6480.0,6205.6,6311.75,48515.25
2018-08-17 02:00:00,6316.0,6585.0,6285.4,6584.49,57851.61
2018-08-18 02:00:00,6579.04,6620.0,6288.0,6387.96,53742.32
2018-08-19 02:00:00,6387.96,6541.0,6300.0,6477.53,45190.85
2018-08-20 02:00:00,6477.53,6530.0,6220.0,6254.84,49435.56
2018-08-21 02:00:00,6251.0,6500.0,6235.08,6480.0,41569.95
2018-08-22 02:00:00,6479.98,6882.54,6251.2,6360.89,77909.39
2018-08-23 02:00:00,6362.57,6576.99,6342.28,6525.01,40358.17
2018-08-24 02:00:00,6525.0,6725.0,6440.5,6681.64,38305.68
2018-08-25 02:00:00,6686.98,6789.0,6650.61,6733.64,19220.51
2018-08-26 02:00:00,6733.64,6775.27,6568.0,6700.0,20107.3
2018-08-27 02:00:00,6700.0,6940.51,6646.5,6908.64,37747.08
2018-08-28 02:00:00,6907.26,7135.0,6860.0,7076.11,48352.92
2018-08-29 02:00:00,7077.0,7133.81,6912.34,7031.22,43252.49
2018-08-30 02:00:00,7033.21,7063.63,6784.81,6984.84,44716.77
2018-08-31 02:00:00,6984.84,7089.0,6888.0,7011.21,40467.4
2018-09-01 02:00:00,7011.21,7275.0,7008.74,7200.01,40323.41
2018-09-02 02:00:00,7201.57,7345.45,7127.0,7302.01,39814.84
2018-09-03 02:00:00,7302.0,7338.28,7191.63,7263.02,32396.02
2018-09-04 02:00:00,7263.0,7410.0,7227.17,7359.06,35300.64
2018-09-05 02:00:00,7359.05,7397.3,6682.0,6700.0,63715.26
2018-09-06 02:00:00,6697.27,6725.0,6265.0,6516.01,60644.46
2018-09-07 02:00:00,6516.84,6544.0,6320.0,6395.54,38906.29
2018-09-08 02:00:00,6395.54,6478.0,6111.0,6185.05,38215.03
2018-09-09 02:00:00,6185.06,6441.0,6141.53,6250.81,37053.92
2018-09-10 02:00:00,6252.26,6373.98,6221.0,6312.0,32439.46
2018-09-11 02:00:00,6311.99,6404.0,6169.68,6294.91,33104.89
2018-09-12 02:00:00,6293.0,6360.0,6192.37,6338.62,31433.65
2018-09-13 02:00:00,6338.62,6535.0,6337.4,6487.38,40465.06
2018-09-14 02:00:00,6487.39,6584.99,6385.62,6476.63,37173.34
2018-09-15 02:00:00,6476.63,6565.45,6466.13,6514.96,25243.66
2018-09-16 02:00:00,6514.96,6524.62,6370.0,6505.0,27568.13
2018-09-17 02:00:00,6500.08,6533.84,6201.0,6248.69,35987.25
2018-09-18 02:00:00,6248.69,6390.0,6224.98,6336.45,32620.87
2018-09-19 02:00:00,6336.39,6517.7,6123.0,6391.89,39044.08
2018-09-20 02:00:00,6392.0,6540.0,6325.0,6492.0,25189.02
2018-09-21 02:00:00,6492.0,6784.86,6491.0,6759.02,51779.34
2018-09-22 02:00:00,6759.01,6839.03,6627.0,6723.05,29349.69
2018-09-23 02:00:00,6723.05,6788.23,6661.75,6708.0,30286.23
2018-09-24 02:00:00,6706.81,6730.0,6557.0,6581.39,35305.74
2018-09-25 02:00:00,6581.42,6584.01,6325.02,6447.54,40301.03
2018-09-26 02:00:00,6445.11,6557.99,6379.7,6465.12,33484.54
2018-09-27 02:00:00,6467.84,6750.0,6434.0,6689.13,33087.43
2018-09-28 02:00:00,6689.12,6814.8,6540.88,6634.58,42399.45
2018-09-29 02:00:00,6634.58,6636.0,6464.57,6596.38,30255.96
2018-09-30 02:00:00,6597.66,6662.0,6533.0,6626.57,27764.72
2018-10-01 02:00:00,6626.57,6667.09,6510.0,6611.61,20621.51
2018-10-02 02:00:00,6610.0,6640.0,6494.0,6525.79,28245.81
2018-10-03 02:00:00,6525.79,6549.0,6430.0,6510.0,28451.97
2018-10-04 02:00:00,6510.01,6643.46,6505.09,6593.79,20074.3
2018-10-05 02:00:00,6591.69,6697.0,6543.08,6635.65,16096.55
2018-10-06 02:00:00,6635.65,6651.0,6566.77,6594.27,10939.51
2018-10-07 02:00:00,6596.44,6640.0,6525.0,6615.26,17406.83
2018-10-08 02:00:00,6615.26,6715.6,6587.0,6673.01,23123.42
2018-10-09 02:00:00,6673.01,6685.38,6607.0,6656.61,15354.78
2018-10-10 02:00:00,6656.67,6659.95,6530.0,6631.0,15390.66
2018-10-11 02:00:00,6630.21,6633.92,6205.0,6252.68,48712.4
2018-10-12 02:00:00,6252.71,6360.0,6209.0,6298.01,29004.07
2018-10-13 02:00:00,6298.0,6345.0,6285.07,6332.93,19098.07
2018-10-14 02:00:00,6332.92,6416.0,6308.0,6339.34,15627.41
2018-10-15 02:00:00,6339.34,7680.0,6300.0,6752.5,90748.03
2018-10-16 02:00:00,6752.5,6900.0,6670.0,6759.27,27557.96
2018-10-17 02:00:00,6762.76,6811.12,6676.01,6740.89,26641.43
2018-10-18 02:00:00,6739.01,6796.0,6567.0,6618.96,20116.52
2018-10-19 02:00:00,6618.96,6648.14,6523.0,6528.88,20772.6
2018-10-20 02:00:00,6528.88,6617.65,6505.55,6588.4,19240.72
2018-10-21 02:00:00,6585.72,6663.9,6580.0,6590.11,6515.36
2018-10-22 02:00:00,6590.12,6639.0,6535.27,6581.2,16213.69
2018-10-23 02:00:00,6581.2,6595.0,6515.45,6553.51,13856.6
2018-10-24 02:00:00,6553.51,6630.0,6547.53,6565.5,11951.54
2018-10-25 02:00:00,6566.81,6575.09,6502.8,6528.09,10342.7
2018-10-26 02:00:00,6528.13,6600.0,6515.01,6538.63,9443.5
2018-10-27 02:00:00,6538.63,6558.35,6463.04,6505.6,7776.91
2018-10-28 02:00:00,6505.6,6514.17,6453.0,6489.93,5743.93
2018-10-29 01:00:00,6489.93,6505.01,6315.0,6344.5,13827.22
2018-10-30 01:00:00,6344.5,6395.0,6317.01,6330.87,8877.18
2018-10-31 01:00:00,6330.01,6428.0,6245.02,6371.93,12148.89
2018-11-01 01:00:00,6369.52,6442.65,6348.66,6410.0,9099.04
2018-11-02 01:00:00,6410.0,6460.34,6388.2,6433.98,9739.44
2018-11-03 01:00:00,6432.8,6439.97,6345.0,6387.09,7661.24
2018-11-04 01:00:00,6388.0,6525.0,6359.0,6485.85,10592.39
2018-11-05 01:00:00,6485.85,6504.39,6431.02,6468.99,8987.88
2018-11-06 01:00:00,6468.99,6531.31,6445.18,6519.11,11926.57
2018-11-07 01:00:00,6522.73,6615.15,6509.0,6578.46,14271.59
2018-11-08 01:00:00,6578.46,6594.0,6468.22,6479.84,13259.79
2018-11-09 01:00:00,6479.84,6511.53,6391.01,6419.99,11787.62
2018-11-10 01:00:00,6419.99,6475.55,6411.0,6433.05,7714.83
2018-11-11 01:00:00,6435.16,6462.14,6355.0,6449.81,8213.51
2018-11-12 01:00:00,6450.71,6497.0,6421.0,6453.07,10132.78
2018-11-13 01:00:00,6451.68,6498.0,6391.15,6457.66,11790.56
2018-11-14 01:00:00,6458.98,6482.84,5656.87,5922.41,46478.96
2018-11-15 01:00:00,5917.2,5939.54,5403.42,5753.4,47700.83
2018-11-16 01:00:00,5757.09,5782.89,5549.25,5655.94,38721.8
2018-11-17 01:00:00,5650.57,5656.6,5565.43,5628.29,26411.24
2018-11-18 01:00:00,5630.49,5738.17,5617.0,5662.0,23845.0
2018-11-19 01:00:00,5661.94,5664.0,4855.0,4910.03,70580.89
2018-11-20 01:00:00,4913.4,5048.24,4326.0,4558.86,117380.95
2018-11-21 01:00:00,4559.91,4787.2,4413.85,4661.07,61071.83
2018-11-22 01:00:00,4661.08,4721.77,4335.0,4370.0,34531.12
2018-11-23 01:00:00,4370.9,4484.0,4222.94,4420.61,49371.92
2018-11-24 01:00:00,4415.63,4527.0,3824.69,3932.44,61693.11
2018-11-25 01:00:00,3933.68,4233.0,3652.66,4085.78,101693.98
2018-11-26 01:00:00,4088.69,4206.0,3701.0,3862.2,94503.75
2018-11-27 01:00:00,3864.45,3940.0,3689.12,3875.21,67480.61
2018-11-28 01:00:00,3875.63,4394.47,3874.27,4264.85,91983.57
2018-11-29 01:00:00,4262.06,4450.38,4125.65,4295.84,73980.2
2018-11-30 01:00:00,4295.72,4341.36,3943.0,4041.32,67758.45
2018-12-01 01:00:00,4041.27,4299.99,3963.01,4190.02,44840.07
2018-12-02 01:00:00,4190.98,4312.99,4103.04,4161.01,38912.15
2018-12-03 01:00:00,4160.55,4179.0,3827.0,3884.01,49094.37
2018-12-04 01:00:00,3884.76,4085.0,3781.0,3951.64,48489.55
2018-12-05 01:00:00,3950.98,3970.0,3745.0,3769.84,44004.8
2018-12-06 01:00:00,3768.44,3899.99,3500.0,3508.75,68378.8
2018-12-07 01:00:00,3508.75,3549.99,3224.6,3403.55,95145.46
2018-12-08 01:00:00,3403.57,3495.0,3222.0,3410.93,55365.95
2018-12-09 01:00:00,3411.36,3658.0,3394.04,3545.37,45956.89
2018-12-10 01:00:00,3548.49,3610.0,3370.11,3432.88,40989.24
2018-12-11 01:00:00,3434.01,3480.0,3324.32,3380.39,35920.86
2018-12-12 01:00:00,3379.23,3492.0,3350.0,3445.0,33922.93
2018-12-13 01:00:00,3446.38,3460.0,3255.5,3302.06,40040.92
2018-12-14 01:00:00,3302.06,3335.39,3177.0,3224.17,44492.98
2018-12-15 01:00:00,3225.19,3276.5,3156.26,3211.72,29796.04
2018-12-16 01:00:00,3211.71,3294.0,3186.0,3228.67,24628.81
2018-12-17 01:00:00,3229.22,3585.0,3216.0,3509.08,66761.75
2018-12-18 01:00:00,3509.03,3678.59,3424.47,3652.98,61369.62
2018-12-19 01:00:00,3653.0,3912.73,3622.55,3662.22,94137.34
2018-12-20 01:00:00,3660.01,4120.0,3635.0,4049.62,101543.84
2018-12-21 01:00:00,4051.86,4139.99,3764.0,3838.66,82343.85
2018-12-22 01:00:00,3840.25,3979.0,3785.0,3948.91,42822.35
2018-12-23 01:00:00,3948.91,4021.53,3870.0,3929.71,40117.53
2018-12-24 01:00:00,3929.71,4198.0,3924.83,4008.01,64647.81
2018-12-25 01:00:00,4010.11,4020.0,3646.41,3745.79,62725.63
2018-12-26 01:00:00,3745.56,3837.15,3656.74,3777.74,42629.38
2018-12-27 01:00:00,3777.74,3813.98,3535.0,3567.91,44097.39
2018-12-28 01:00:00,3567.89,3887.25,3540.04,3839.26,45964.3
2018-12-29 01:00:00,3839.0,3892.0,3670.0,3695.32,38874.37
2018-12-30 01:00:00,3696.71,3903.5,3657.9,3801.91,33222.37
2018-12-31 01:00:00,3803.12,3810.0,3630.33,3702.9,29991.78
2019-01-01 01:00:00,3701.23,3810.16,3642.0,3797.14,23741.69
2019-01-02 01:00:00,3796.45,3882.14,3750.45,3858.56,35156.46
2019-01-03 01:00:00,3857.57,3862.74,3730.0,3766.78,29406.95
2019-01-04 01:00:00,3767.2,3823.64,3703.57,3792.01,29519.55
2019-01-05 01:00:00,3790.09,3840.99,3751.0,3770.96,30490.67
2019-01-06 01:00:00,3771.12,4027.71,3740.0,3987.6,36553.81
2019-01-07 01:00:00,3987.62,4017.9,3921.53,3975.45,31869.85
2019-01-08 01:00:00,3976.76,4069.8,3903.0,3955.13,38901.42
2019-01-09 01:00:00,3955.45,4006.81,3930.04,3966.65,28989.44
2019-01-10 01:00:00,3966.06,3996.01,3540.0,3585.88,59402.23
2019-01-11 01:00:00,3585.88,3658.0,3465.0,3601.31,38338.65
2019-01-12 01:00:00,3601.31,3618.19,3530.0,3583.13,21999.93
2019-01-13 01:00:00,3584.1,3611.1,3441.3,3476.81,26385.76
2019-01-14 01:00:00,3477.56,3671.87,3467.02,3626.09,35235.21
2019-01-15 01:00:00,3626.08,3648.42,3516.62,3553.06,34138.0
2019-01-16 01:00:00,3553.06,3645.0,3543.51,3591.84,27480.18
2019-01-17 01:00:00,3591.84,3634.7,3530.39,3616.21,29755.44
2019-01-18 01:00:00,3613.32,3620.0,3565.75,3594.87,22713.45
2019-01-19 01:00:00,3594.87,3720.0,3594.23,3665.3,22171.58
2019-01-20 01:00:00,3665.75,3693.73,3475.0,3539.28,27901.94
2019-01-21 01:00:00,3539.26,3559.51,3475.5,3526.9,19644.44
2019-01-22 01:00:00,3526.88,3608.5,3434.85,3570.93,29336.44
2019-01-23 01:00:00,3570.41,3607.98,3514.5,3552.82,24938.84
2019-01-24 01:00:00,3552.97,3589.0,3529.22,3569.62,20826.25
2019-01-25 01:00:00,3569.07,3587.15,3522.51,3565.29,17608.35
2019-01-26 01:00:00,3566.69,3662.94,3545.0,3565.25,19476.53
2019-01-27 01:00:00,3565.62,3579.0,3486.0,3550.84,22735.6
2019-01-28 01:00:00,3550.05,3557.75,3380.27,3434.15,40405.11
2019-01-29 01:00:00,3434.0,3443.45,3349.92,3411.04,29544.93
2019-01-30 01:00:00,3410.04,3478.0,3387.1,3458.18,23968.26
2019-01-31 01:00:00,3457.5,3489.2,3418.8,3434.1,29607.19
2019-02-01 01:00:00,3434.1,3488.0,3401.2,3462.07,25260.48
2019-02-02 01:00:00,3462.2,3526.4,3440.29,3504.77,17920.8
2019-02-03 01:00:00,3504.06,3511.09,3426.0,3458.11,19867.34
2019-02-04 01:00:00,3458.11,3484.88,3433.31,3463.22,23131.98
2019-02-05 01:00:00,3463.22,3478.97,3448.43,3471.59,25264.42
2019-02-06 01:00:00,3471.57,3482.72,3380.0,3405.37,35310.24
2019-02-07 01:00:00,3407.0,3426.45,3390.0,3398.4,18665.54
2019-02-08 01:00:00,3398.4,3733.58,3373.1,3659.04,47968.06
2019-02-09 01:00:00,3660.27,3680.02,3625.13,3665.18,24759.83
2019-02-10 01:00:00,3665.18,3684.99,3609.76,3680.06,23250.6
2019-02-11 01:00:00,3679.75,3684.9,3615.53,3631.05,24954.61
2019-02-12 01:00:00,3631.05,3667.6,3582.34,3631.46,29479.6
2019-02-13 01:00:00,3631.51,3670.0,3591.75,3609.4,25774.0
2019-02-14 01:00:00,3608.34,3626.4,3568.11,3590.56,21753.5
2019-02-15 01:00:00,3590.57,3653.23,3573.45,3602.47,20777.87
2019-02-16 01:00:00,3602.49,3648.2,3597.91,3618.41,19565.99
2019-02-17 01:00:00,3617.22,3700.11,3604.4,3667.58,25690.23
2019-02-18 01:00:00,3667.62,3925.0,3655.0,3898.6,64042.73
2019-02-19 01:00:00,3897.35,3994.52,3856.0,3907.79,50207.17
2019-02-20 01:00:00,3907.35,3986.98,3870.66,3969.74,36205.14
2019-02-21 01:00:00,3969.74,4016.48,3901.03,3937.31,31103.88
2019-02-22 01:00:00,3937.31,3988.0,3926.65,3962.0,23943.16
2019-02-23 01:00:00,3962.0,4162.02,3933.15,4117.76,33657.94
2019-02-24 01:00:00,4118.0,4198.0,3712.66,3743.56,62224.19
2019-02-25 01:00:00,3743.56,3872.66,3740.0,3827.92,38102.97
2019-02-26 01:00:00,3828.44,3841.51,3777.0,3809.23,28838.75
2019-02-27 01:00:00,3809.31,3838.85,3677.17,3818.07,31501.0
2019-02-28 01:00:00,3818.04,3888.0,3763.87,3813.69,32561.96
2019-03-01 01:00:00,3814.26,3857.0,3813.01,3823.0,23174.57
2019-03-02 01:00:00,3822.17,3841.31,3772.25,3819.93,19445.84
2019-03-03 01:00:00,3819.97,3835.0,3781.32,3807.75,16718.17
2019-03-04 01:00:00,3807.32,3830.0,3670.69,3715.3,34742.84
2019-03-05 01:00:00,3716.1,3877.1,3703.55,3857.73,32962.54
2019-03-06 01:00:00,3857.58,3907.0,3813.09,3861.84,24775.12
2019-03-07 01:00:00,3861.84,3905.4,3840.4,3873.64,26455.26
2019-03-08 01:00:00,3873.63,3932.0,3800.0,3864.89,34730.37
2019-03-09 01:00:00,3864.88,3971.75,3854.75,3943.04,30979.75
2019-03-10 01:00:00,3943.43,3943.43,3881.69,3916.82,23187.56
2019-03-11 01:00:00,3915.99,3936.98,3830.0,3871.61,38066.89
2019-03-12 01:00:00,3871.61,3905.2,3826.06,3882.73,26921.01
2019-03-13 01:00:00,3882.69,3893.56,3840.0,3866.0,24461.01
2019-03-14 01:00:00,3866.0,3920.0,3810.43,3877.12,27048.75
2019-03-15 01:00:00,3877.12,3939.22,3872.2,3923.76,21740.06
2019-03-16 01:00:00,3924.46,4056.98,3921.98,4005.98,28568.38
2019-03-17 01:00:00,4005.98,4012.0,3950.01,3981.14,18814.26
2019-03-18 01:00:00,3981.85,4037.0,3953.33,3987.81,22454.48
2019-03-19 01:00:00,3987.83,4031.0,3970.0,4015.53,19893.74
2019-03-20 01:00:00,4017.48,4050.0,3980.5,4043.04,23432.3
2019-03-21 01:00:00,4043.04,4069.32,3880.01,3980.64,35997.68
2019-03-22 01:00:00,3980.85,4008.0,3968.25,3986.93,20022.61
2019-03-23 01:00:00,3987.89,4018.83,3978.01,4006.01,17302.6
2019-03-24 01:00:00,4006.01,4006.02,3950.0,3992.18,17179.85
2019-03-25 01:00:00,3991.35,3999.3,3888.71,3936.12,33192.89
2019-03-26 01:00:00,3935.47,3958.98,3894.0,3948.55,29349.54
2019-03-27 01:00:00,3948.77,4048.0,3936.15,4038.05,32364.56
2019-03-28 01:00:00,4039.58,4039.7,4002.0,4027.81,20089.29
2019-03-29 01:00:00,4028.22,4123.71,4024.03,4103.25,30084.22
2019-03-30 01:00:00,4104.24,4140.0,4052.0,4106.97,19509.29
2019-03-31 01:00:00,4106.99,4116.12,4082.57,4103.95,13525.09
2019-04-01 02:00:00,4102.44,4158.7,4067.0,4144.56,25507.07
2019-04-02 02:00:00,4144.54,4897.99,4140.54,4857.29,105383.64
2019-04-03 02:00:00,4857.19,5275.01,4753.5,4932.6,109890.13
2019-04-04 02:00:00,4932.59,5039.08,4777.0,4898.66,61054.25
2019-04-05 02:00:00,4898.64,5028.22,4880.62,5004.95,39768.55
2019-04-06 02:00:00,5004.96,5205.0,4928.59,5043.89,41770.84
2019-04-07 02:00:00,5042.07,5234.0,5026.0,5170.27,37615.49
2019-04-08 02:00:00,5170.27,5305.0,5039.0,5236.9,50178.43
2019-04-09 02:00:00,5238.38,5238.4,5076.68,5150.0,34067.01
2019-04-10 02:00:00,5150.0,5422.0,5135.0,5308.25,40073.62
2019-04-11 02:00:00,5307.86,5332.67,4927.0,5017.37,54696.6
2019-04-12 02:00:00,5017.37,5080.58,4861.22,5048.01,33276.68
2019-04-13 02:00:00,5047.0,5099.0,5004.0,5045.22,17292.46
2019-04-14 02:00:00,5047.45,5152.99,5000.0,5131.3,18281.61
2019-04-15 02:00:00,5131.28,5167.38,4950.0,5024.95,29057.19
2019-04-16 02:00:00,5024.95,5197.72,5003.94,5173.72,24242.23
2019-04-17 02:00:00,5173.72,5230.4,5146.8,5202.82,23307.54
2019-04-18 02:00:00,5202.41,5287.0,5198.8,5258.44,22619.24
2019-04-19 02:00:00,5258.44,5320.0,5175.0,5258.68,24611.24
2019-04-20 02:00:00,5258.68,5333.42,5230.1,5291.73,19168.91
2019-04-21 02:00:00,5292.91,5314.35,5165.0,5256.14,25549.57
2019-04-22 02:00:00,5257.41,5400.0,5208.35,5357.14,29563.85
2019-04-23 02:00:00,5357.14,5600.0,5332.41,5493.31,41262.1
2019-04-24 02:00:00,5490.91,5582.2,5333.35,5415.0,48224.15
2019-04-25 02:00:00,5415.0,5491.84,5102.0,5219.9,49636.09
2019-04-26 02:00:00,5220.47,5510.0,5161.62,5314.1,48912.29
2019-04-27 02:00:00,5315.0,5342.5,5257.67,5295.69,15422.9
2019-04-28 02:00:00,5295.69,5340.0,5259.48,5307.52,14371.43
2019-04-29 02:00:00,5309.81,5332.0,5178.8,5238.14,19918.14
2019-04-30 02:00:00,5238.14,5339.98,5192.15,5320.81,22238.07
2019-05-01 02:00:00,5321.94,5402.0,5316.2,5383.2,17217.47
2019-05-02 02:00:00,5383.2,5538.0,5370.0,5492.87,22795.79
2019-05-03 02:00:00,5494.81,5844.0,5477.57,5772.69,46297.17
2019-05-04 02:00:00,5770.62,5900.0,5587.45,5829.45,39682.41
2019-05-05 02:00:00,5829.83,5839.9,5696.0,5775.62,23822.54
2019-05-06 02:00:00,5773.18,5805.0,5619.14,5747.79,25256.6
2019-05-07 02:00:00,5749.92,6028.41,5747.74,5846.34,39905.06
2019-05-08 02:00:00,5846.34,6014.72,5772.2,5987.29,23074.05
2019-05-09 02:00:00,5986.66,6224.55,5983.71,6209.18,27453.01
2019-05-10 02:00:00,6209.95,6468.92,6172.0,6373.33,36623.61
2019-05-11 02:00:00,6375.16,7343.99,6372.85,7076.22,74022.42
2019-05-12 02:00:00,7076.24,7521.78,6750.0,6967.31,86948.98
2019-05-13 02:00:00,6968.24,8100.0,6870.0,7790.71,85804.74
2019-05-14 02:00:00,7795.62,8366.0,7599.56,7947.56,76583.72
2019-05-15 02:00:00,7945.26,8249.0,7850.0,8169.87,37884.33
2019-05-16 02:00:00,8169.08,8320.0,7705.0,7866.59,69630.51
2019-05-17 02:00:00,7868.67,7925.0,6913.0,7355.26,88752.01
2019-05-18 02:00:00,7355.28,7458.0,7156.61,7257.45,37054.94
2019-05-19 02:00:00,7257.32,8275.09,7243.08,8148.48,65577.44
2019-05-20 02:00:00,8147.94,8156.03,7553.0,7938.15,65859.21
2019-05-21 02:00:00,7937.16,8042.32,7771.0,7904.87,52301.75
2019-05-22 02:00:00,7904.48,8016.0,7465.0,7628.43,49136.99
2019-05-23 02:00:00,7627.8,7940.98,7461.0,7851.51,49648.18
2019-05-24 02:00:00,7849.95,8130.0,7766.0,7964.87,46664.79
2019-05-25 02:00:00,7964.52,8091.8,7908.34,8025.41,28414.33
2019-05-26 02:00:00,8023.0,8740.0,7833.42,8614.43,49652.14
2019-05-27 02:00:00,8612.54,8908.32,8589.0,8756.32,51886.77
2019-05-28 02:00:00,8752.52,8798.49,8510.63,8715.64,31470.55
2019-05-29 02:00:00,8716.87,8750.0,8406.6,8645.68,33880.87
2019-05-30 02:00:00,8646.5,9074.26,8005.0,8269.54,70380.0
2019-05-31 02:00:00,8267.1,8594.0,8108.5,8555.0,44727.49
2019-06-01 02:00:00,8555.0,8626.0,8442.36,8544.07,31868.23
2019-06-02 02:00:00,8545.1,8814.78,8524.0,8725.98,27835.13
2019-06-03 02:00:00,8726.0,8800.95,8080.8,8115.82,45692.97
2019-06-04 02:00:00,8115.66,8115.66,7481.02,7687.03,74143.95
2019-06-05 02:00:00,7687.04,7896.7,7572.78,7776.5,48679.66
2019-06-06 02:00:00,7778.08,7868.13,7444.58,7786.7,36624.12
2019-06-07 02:00:00,7787.57,8100.0,7737.49,7980.53,33942.23
2019-06-08 02:00:00,7978.94,8044.65,7751.0,7893.62,22657.33
2019-06-09 02:00:00,7895.28,7935.0,7506.66,7628.13,31568.47
2019-06-10 02:00:00,7627.57,8020.0,7511.0,7982.75,36756.08
2019-06-11 02:00:00,7981.0,8010.0,7692.23,7884.9,30335.0
2019-06-12 02:00:00,7884.9,8200.0,7788.99,8127.64,41597.08
2019-06-13 02:00:00,8127.64,8309.82,8010.03,8218.54,30467.76
2019-06-14 02:00:00,8216.44,8684.41,8144.32,8650.0,39835.25
2019-06-15 02:00:00,8650.88,8864.99,8567.63,8808.7,31791.64
2019-06-16 02:00:00,8810.77,9333.0,8760.0,8953.33,63289.25
2019-06-17 02:00:00,8953.0,9444.0,8950.0,9313.96,47895.49
2019-06-18 02:00:00,9312.13,9336.36,8950.0,9081.55,51554.57
2019-06-19 02:00:00,9081.97,9304.0,8960.0,9255.49,32147.71
2019-06-20 02:00:00,9253.76,9590.0,9175.2,9517.12,34556.05
2019-06-21 02:00:00,9518.06,10174.99,9518.06,10159.86,50484.42
2019-06-22 02:00:00,10159.86,11160.0,9921.72,10729.5,104169.45
2019-06-23 02:00:00,10729.0,11392.64,10555.18,10906.07,57445.32
2019-06-24 02:00:00,10905.95,11143.63,10620.8,11056.59,43101.05
2019-06-25 02:00:00,11056.59,11850.0,11026.0,11820.86,61276.69
2019-06-26 02:00:00,11821.28,13970.0,11741.0,13093.8,155930.15
2019-06-27 02:00:00,13098.38,13478.04,10525.1,11329.99,173894.82
2019-06-28 02:00:00,11329.99,12480.0,10982.88,12400.63,95795.2
2019-06-29 02:00:00,12407.06,12441.54,11475.02,11903.13,69642.07
2019-06-30 02:00:00,11903.13,12180.0,10766.03,10854.1,84512.53
2019-07-01 02:00:00,10854.1,11282.28,10030.0,10624.93,90962.27
2019-07-02 02:00:00,10624.9,10938.75,9727.0,10842.85,109561.04
2019-07-03 02:00:00,10844.98,11991.89,10841.04,11940.0,96815.9
2019-07-04 02:00:00,11940.0,12000.0,11055.0,11145.67,66512.22
2019-07-05 02:00:00,11145.67,11406.83,10796.44,10970.73,63534.35
2019-07-06 02:00:00,10982.41,11665.0,10964.51,11256.49,51469.5
2019-07-07 02:00:00,11256.45,11538.0,11094.37,11406.24,38884.8
2019-07-08 02:00:00,11410.0,12338.03,11220.0,12238.6,52182.37
2019-07-09 02:00:00,12238.6,12794.73,12068.0,12543.41,78442.13
2019-07-10 02:00:00,12548.51,13147.08,11569.0,12108.37,109246.04
2019-07-11 02:00:00,12108.11,12111.73,11000.0,11342.89,87506.46
2019-07-12 02:00:00,11342.88,11885.0,11073.0,11757.22,56321.86
2019-07-13 02:00:00,11757.22,11799.98,10830.0,11355.76,54245.59
2019-07-14 02:00:00,11355.78,11452.0,10103.0,10174.18,72517.58
2019-07-15 02:00:00,10174.18,11100.0,9860.0,10838.72,81922.43
2019-07-16 02:00:00,10833.78,11028.0,9350.01,9439.59,97219.44
2019-07-17 02:00:00,9430.17,9957.0,9060.0,9667.92,84942.67
2019-07-18 02:00:00,9668.86,10788.0,9252.0,10627.16,80283.31
2019-07-19 02:00:00,10628.64,10769.71,10121.84,10504.29,56546.93
2019-07-20 02:00:00,10505.78,11068.99,10350.0,10740.23,47331.9
2019-07-21 02:00:00,10740.27,10817.9,10288.0,10589.45,38834.29
2019-07-22 02:00:00,10590.15,10683.16,10100.0,10340.31,40467.95
2019-07-23 02:00:00,10343.08,10343.97,9822.0,9864.91,47624.37
2019-07-24 02:00:00,9864.78,9937.0,9525.0,9763.28,43475.38
2019-07-25 02:00:00,9763.4,10175.0,9720.03,9879.87,37873.35
2019-07-26 02:00:00,9882.15,9889.98,9637.0,9824.0,27167.46
2019-07-27 02:00:00,9824.0,10188.66,9333.0,9476.52,43809.78
2019-07-28 02:00:00,9478.92,9594.99,9165.0,9541.54,29401.02
2019-07-29 02:00:00,9541.54,9729.0,9395.0,9507.64,29021.94
2019-07-30 02:00:00,9509.07,9714.28,9402.0,9574.21,32536.37
2019-07-31 02:00:00,9575.0,10109.8,9555.0,10080.53,39515.35
2019-08-01 02:00:00,10080.53,10467.86,9863.46,10374.99,41727.64
2019-08-02 02:00:00,10375.0,10670.0,10281.35,10523.75,42990.44
2019-08-03 02:00:00,10523.75,10904.77,10497.93,10816.86,33802.32
2019-08-04 02:00:00,10816.86,11040.0,10552.0,10929.23,39924.75
2019-08-05 02:00:00,10929.99,11937.52,10927.8,11828.8,65153.67
2019-08-06 02:00:00,11830.0,12330.7,11226.7,11481.69,76705.39
2019-08-07 02:00:00,11481.69,12141.17,11382.84,11975.03,69173.39
2019-08-08 02:00:00,11975.04,12060.0,11521.0,11999.77,51207.26
2019-08-09 02:00:00,11994.17,12045.68,11700.0,11879.99,39427.15
2019-08-10 02:00:00,11879.98,11985.0,11270.0,11309.31,42633.09
2019-08-11 02:00:00,11309.24,11600.0,11112.11,11549.97,26772.91
2019-08-12 02:00:00,11539.08,11577.89,11235.32,11396.08,17568.23
2019-08-13 02:00:00,11398.35,11456.16,10788.45,10892.71,33234.73
2019-08-14 02:00:00,10893.36,10897.48,9928.1,10050.37,54451.85
2019-08-15 02:00:00,10055.16,10460.0,9911.0,10293.93,38174.45
2019-08-16 02:00:00,10296.77,10536.03,9750.0,10331.54,51758.14
2019-08-17 02:00:00,10331.15,10465.14,10000.0,10216.02,29000.58
2019-08-18 02:00:00,10216.05,10500.0,10080.0,10306.78,24085.4
2019-08-19 02:00:00,10306.17,10930.0,10258.6,10915.54,37243.32
2019-08-20 02:00:00,10914.73,10949.96,10560.0,10760.51,32298.92
2019-08-21 02:00:00,10760.51,10804.13,9858.0,10142.57,47355.72
2019-08-22 02:00:00,10140.82,10242.0,9762.0,10099.88,34059.64
2019-08-23 02:00:00,10099.9,10445.0,10019.79,10389.55,27550.34
2019-08-24 02:00:00,10388.16,10419.42,9890.0,10134.35,27692.46
2019-08-25 02:00:00,10134.61,10333.0,9906.97,10142.69,26271.66
2019-08-26 02:00:00,10142.69,10604.0,10137.93,10372.25,41687.51
2019-08-27 02:00:00,10373.6,10391.08,10051.08,10185.05,28402.78
2019-08-28 02:00:00,10185.69,10299.0,9601.01,9721.0,42110.56
2019-08-29 02:00:00,9721.0,9724.0,9320.0,9498.44,35532.69
2019-08-30 02:00:00,9499.01,9696.0,9350.41,9584.54,26834.32
2019-08-31 02:00:00,9582.76,9684.51,9420.75,9587.47,17130.29
2019-09-01 02:00:00,9588.74,9830.0,9520.0,9724.98,19545.4
2019-09-02 02:00:00,9723.59,10450.0,9712.5,10340.0,44740.25
2019-09-03 02:00:00,10340.0,10773.0,10272.0,10615.28,47998.38
2019-09-04 02:00:00,10611.85,10799.0,10369.89,10567.02,43943.89
2019-09-05 02:00:00,10565.92,10900.0,10450.0,10564.49,33970.96
2019-09-06 02:00:00,10563.13,10905.87,10150.0,10298.73,58799.64
2019-09-07 02:00:00,10298.71,10558.0,10288.57,10455.88,27637.88
2019-09-08 02:00:00,10455.9,10592.5,10208.0,10381.18,23984.67
2019-09-09 02:00:00,10381.24,10480.0,10068.5,10303.12,39835.73
2019-09-10 02:00:00,10302.58,10384.99,9953.0,10098.15,28915.41
2019-09-11 02:00:00,10098.19,10293.0,9880.0,10158.33,31953.82
2019-09-12 02:00:00,10158.75,10448.81,10040.0,10415.01,34511.16
2019-09-13 02:00:00,10415.01,10439.0,10153.0,10342.06,30280.34
2019-09-14 02:00:00,10344.13,10419.99,10222.33,10335.02,23621.53
2019-09-15 02:00:00,10332.81,10360.0,10252.15,10302.01,18047.65
2019-09-16 02:00:00,10303.34,10355.0,10078.0,10251.31,28971.4
2019-09-17 02:00:00,10249.68,10275.0,10128.01,10187.82,22914.32
2019-09-18 02:00:00,10187.48,10258.02,10100.0,10156.99,24250.25
2019-09-19 02:00:00,10156.41,10325.0,9653.0,10244.29,44826.28
2019-09-20 02:00:00,10243.7,10281.0,10061.39,10168.59,25088.49
2019-09-21 02:00:00,10167.92,10176.7,9900.0,9986.39,20544.18
2019-09-22 02:00:00,9985.15,10089.0,9853.97,10028.87,22049.28
2019-09-23 02:00:00,10028.05,10049.99,9615.77,9702.25,31937.23
2019-09-24 02:00:00,9702.2,9794.99,7800.0,8493.14,94007.35
2019-09-25 02:00:00,8497.55,8730.0,8215.64,8430.05,60783.89
2019-09-26 02:00:00,8430.05,8465.99,7750.0,8063.73,67930.85
2019-09-27 02:00:00,8063.49,8265.0,7852.15,8177.91,43882.92
2019-09-28 02:00:00,8177.47,8315.0,8001.09,8198.81,34473.61
2019-09-29 02:00:00,8199.38,8229.13,7890.0,8043.82,31544.21
2019-09-30 02:00:00,8043.04,8337.26,7710.0,8289.34,55865.49
2019-10-01 02:00:00,8289.97,8500.0,8173.05,8292.44,43472.42
2019-10-02 02:00:00,8292.67,8373.91,8151.22,8359.94,26243.39
2019-10-03 02:00:00,8360.0,8393.0,8060.0,8223.96,30488.28
2019-10-04 02:00:00,8224.43,8232.41,8005.0,8137.13,26476.33
2019-10-05 02:00:00,8137.09,8183.41,8012.98,8126.19,21907.62
2019-10-06 02:00:00,8127.55,8153.87,7785.0,7854.25,34676.1
2019-10-07 02:00:00,7855.3,8299.92,7762.0,8190.09,52202.07
2019-10-08 02:00:00,8190.82,8325.0,8088.75,8168.39,35452.66
2019-10-09 02:00:00,8170.79,8670.0,8115.0,8560.74,55038.7
2019-10-10 02:00:00,8562.15,8644.0,8414.52,8558.03,39137.95
2019-10-11 02:00:00,8557.82,8779.51,8212.38,8258.5,50405.28
2019-10-12 02:00:00,8257.95,8400.0,8250.0,8300.09,21339.33
2019-10-13 02:00:00,8301.98,8451.37,8160.0,8275.01,27840.74
2019-10-14 02:00:00,8275.24,8388.85,8203.0,8348.2,29810.66
2019-10-15 02:00:00,8346.86,8403.0,8090.0,8159.29,32773.06
2019-10-16 02:00:00,8159.3,8181.16,7917.0,7991.74,34733.59
2019-10-17 02:00:00,7995.02,8124.92,7929.03,8070.58,29656.95
2019-10-18 02:00:00,8070.71,8115.0,7816.01,7947.01,31353.18
2019-10-19 02:00:00,7946.89,8098.1,7866.92,7948.01,26627.89
2019-10-20 02:00:00,7949.87,8297.0,7870.0,8223.35,34286.45
2019-10-21 02:00:00,8223.35,8333.0,8142.03,8197.27,30448.68
2019-10-22 02:00:00,8197.28,8297.99,8000.0,8020.0,34651.83
2019-10-23 02:00:00,8020.06,8047.59,7300.0,7466.62,63897.46
2019-10-24 02:00:00,7468.47,7503.68,7337.99,7412.41,32714.38
2019-10-25 02:00:00,7412.41,8799.0,7361.0,8655.02,90748.22
2019-10-26 02:00:00,8655.88,10370.0,8470.38,9230.0,162588.59
2019-10-27 02:00:00,9230.0,9794.98,9074.34,9529.93,93833.54
2019-10-28 01:00:00,9528.23,9902.1,9160.0,9205.14,80174.22
2019-10-29 01:00:00,9204.45,9550.0,9072.0,9407.62,64158.46
2019-10-30 01:00:00,9407.62,9409.84,9001.01,9154.72,55241.79
2019-10-31 01:00:00,9154.02,9405.0,8913.0,9140.85,54376.02
2019-11-01 01:00:00,9140.86,9279.0,9030.0,9231.61,43594.81
2019-11-02 01:00:00,9231.4,9373.74,9186.21,9289.52,28923.06
2019-11-03 01:00:00,9289.85,9362.57,9066.14,9194.71,27894.38
2019-11-04 01:00:00,9196.46,9513.68,9115.84,9393.35,45894.46
2019-11-05 01:00:00,9392.4,9454.95,9175.76,9308.66,45935.87
2019-11-06 01:00:00,9307.73,9440.91,9250.01,9339.05,37336.17
2019-11-07 01:00:00,9339.16,9375.0,9101.0,9216.2,39117.47
2019-11-08 01:00:00,9214.0,9261.0,8696.0,8773.73,62107.29
2019-11-09 01:00:00,8773.74,8880.0,8724.88,8809.41,29469.48
2019-11-10 01:00:00,8809.18,9147.19,8750.0,9039.47,34422.03
2019-11-11 01:00:00,9040.16,9072.32,8618.68,8733.27,44888.05
2019-11-12 01:00:00,8733.36,8888.0,8567.6,8821.94,40366.63
2019-11-13 01:00:00,8821.91,8844.99,8702.0,8777.12,26810.12
2019-11-14 01:00:00,8777.54,8800.0,8582.6,8646.68,33468.47
2019-11-15 01:00:00,8646.38,8790.0,8400.0,8471.73,46087.42
2019-11-16 01:00:00,8471.62,8543.0,8400.0,8491.02,20902.3
2019-11-17 01:00:00,8490.74,8635.0,8350.68,8502.4,27009.04
2019-11-18 01:00:00,8502.87,8503.52,8060.0,8187.17,43017.69
2019-11-19 01:00:00,8186.5,8218.63,8003.0,8133.64,43556.06
2019-11-20 01:00:00,8133.83,8264.29,8038.4,8098.01,32466.23
2019-11-21 01:00:00,8098.56,8134.73,7500.0,7627.74,58418.78
2019-11-22 01:00:00,7627.79,7750.0,6790.0,7268.23,126603.14
2019-11-23 01:00:00,7268.23,7344.48,7080.01,7311.57,50449.89
2019-11-24 01:00:00,7311.1,7330.39,6861.0,6903.28,67890.21
2019-11-25 01:00:00,6900.23,7377.69,6515.0,7109.57,119645.74
2019-11-26 01:00:00,7109.99,7340.0,7017.48,7156.14,65722.4
2019-11-27 01:00:00,7154.75,7655.0,6840.0,7508.52,92452.87
2019-11-28 01:00:00,7507.9,7643.0,7360.0,7419.49,56933.98
2019-11-29 01:00:00,7418.52,7850.0,7362.3,7739.68,60745.3
2019-11-30 01:00:00,7740.99,7810.0,7441.0,7541.89,46989.43
2019-12-01 01:00:00,7540.63,7541.85,7210.0,7390.89,60769.34
2019-12-02 01:00:00,7391.5,7420.56,7151.1,7294.28,46330.26
2019-12-03 01:00:00,7294.42,7400.0,7241.35,7292.71,33149.48
2019-12-04 01:00:00,7292.71,7750.0,7067.0,7194.32,83147.15
2019-12-05 01:00:00,7194.59,7485.0,7150.0,7389.0,59306.68
2019-12-06 01:00:00,7389.0,7590.03,7305.0,7527.47,48189.09
2019-12-07 01:00:00,7527.8,7619.62,7470.16,7488.21,31498.68
2019-12-08 01:00:00,7487.31,7564.0,7374.86,7510.11,29856.9
2019-12-09 01:00:00,7510.11,7650.0,7273.0,7338.64,46621.89
2019-12-10 01:00:00,7338.64,7407.6,7157.1,7224.13,49723.76
2019-12-11 01:00:00,7224.15,7275.5,7125.66,7210.0,30093.09
2019-12-12 01:00:00,7210.0,7295.0,7080.3,7198.08,42288.6
2019-12-13 01:00:00,7197.76,7309.05,7190.76,7258.48,27609.87
2019-12-14 01:00:00,7257.37,7271.77,7012.0,7064.05,29561.99
2019-12-15 01:00:00,7064.14,7200.3,7008.35,7118.59,26395.78
2019-12-16 01:00:00,7119.6,7150.0,6836.0,6891.72,43863.99
2019-12-17 01:00:00,6891.44,6942.21,6560.0,6623.82,53865.07
2019-12-18 01:00:00,6623.84,7440.0,6435.0,7277.83,95636.65
2019-12-19 01:00:00,7277.83,7380.0,7038.31,7150.3,55509.05
2019-12-20 01:00:00,7151.31,7220.0,7079.5,7187.83,32132.07
2019-12-21 01:00:00,7188.01,7190.58,7105.0,7132.75,19467.17
2019-12-22 01:00:00,7131.59,7518.54,7122.47,7501.44,39137.46
2019-12-23 01:00:00,7500.71,7695.38,7265.84,7317.09,68052.0
2019-12-24 01:00:00,7317.3,7436.68,7157.04,7255.77,43629.49
2019-12-25 01:00:00,7255.77,7271.77,7128.86,7204.63,27492.04
2019-12-26 01:00:00,7205.01,7435.0,7157.12,7202.0,36259.76
2019-12-27 01:00:00,7202.0,7275.86,7076.42,7254.74,33642.7
2019-12-28 01:00:00,7254.77,7365.01,7238.67,7316.14,26848.98
2019-12-29 01:00:00,7315.36,7528.45,7288.0,7388.24,31387.11
2019-12-30 01:00:00,7388.43,7408.24,7220.0,7246.0,29605.91
2019-12-31 01:00:00,7246.0,7320.0,7145.01,7195.23,25954.45
2020-01-01 01:00:00,7195.24,7255.0,7175.15,7200.85,16792.39
2020-01-02 01:00:00,7200.77,7212.5,6924.74,6965.71,31951.48
2020-01-03 01:00:00,6965.49,7405.0,6871.04,7344.96,68428.5
2020-01-04 01:00:00,7345.0,7404.0,7272.21,7354.11,29987.97
2020-01-05 01:00:00,7354.19,7495.0,7318.0,7358.75,38331.09
2020-01-06 01:00:00,7357.64,7795.34,7346.76,7758.0,54635.7
2020-01-07 01:00:00,7758.9,8207.68,7723.71,8145.28,91171.68
2020-01-08 01:00:00,8145.92,8455.0,7870.0,8055.98,112622.64
2020-01-09 01:00:00,8054.72,8055.96,7750.0,7817.76,64239.52
2020-01-10 01:00:00,7817.74,8199.0,7672.0,8197.02,82406.78
2020-01-11 01:00:00,8198.86,8286.34,8003.16,8020.01,54810.03
2020-01-12 01:00:00,8020.01,8197.0,7960.0,8184.98,38131.49
2020-01-13 01:00:00,8184.97,8196.0,8055.89,8110.34,31159.76
2020-01-14 01:00:00,8110.34,8880.0,8105.54,8810.01,120399.13
2020-01-15 01:00:00,8814.64,8916.48,8564.0,8821.41,84816.3
2020-01-16 01:00:00,8820.01,8859.81,8586.0,8720.01,51991.07
2020-01-17 01:00:00,8720.15,9041.65,8672.44,8913.28,70897.74
2020-01-18 01:00:00,8913.27,8988.88,8806.38,8915.96,38294.75
2020-01-19 01:00:00,8915.09,9198.98,8466.0,8701.7,70676.89
2020-01-20 01:00:00,8701.72,8746.99,8521.28,8642.35,38896.64
2020-01-21 01:00:00,8642.35,8789.0,8488.0,8736.03,36494.69
2020-01-22 01:00:00,8736.04,8818.0,8590.0,8682.36,29080.56
2020-01-23 01:00:00,8682.77,8691.81,8306.39,8404.52,48165.94
2020-01-24 01:00:00,8404.52,8528.02,8238.0,8439.0,41687.53
2020-01-25 01:00:00,8438.99,8451.26,8254.9,8340.58,25521.16
2020-01-26 01:00:00,8340.01,8618.13,8293.66,8615.0,31130.49
2020-01-27 01:00:00,8614.39,9000.0,8535.0,8907.57,53973.54
2020-01-28 01:00:00,8907.57,9400.0,8862.4,9374.21,74584.85
2020-01-29 01:00:00,9375.34,9449.24,9216.0,9301.53,53864.07
2020-01-30 01:00:00,9301.57,9578.0,9204.44,9513.21,60626.74
2020-01-31 01:00:00,9511.52,9530.22,9210.01,9352.89,45552.02
2020-02-01 01:00:00,9351.71,9464.53,9281.0,9384.61,28578.07
2020-02-02 01:00:00,9384.41,9477.03,9120.0,9331.51,45690.91
2020-02-03 01:00:00,9331.59,9618.79,9234.0,9292.24,50892.13
2020-02-04 01:00:00,9291.35,9350.0,9093.01,9197.02,53308.18
2020-02-05 01:00:00,9197.02,9744.45,9177.22,9612.04,64870.42
2020-02-06 01:00:00,9612.03,9862.57,9526.35,9772.0,64949.71
2020-02-07 01:00:00,9772.0,9885.0,9730.0,9813.73,43966.11
2020-02-08 01:00:00,9813.87,9940.0,9667.11,9895.05,43600.84
2020-02-09 01:00:00,9895.04,10166.0,9880.75,10151.75,43408.48
2020-02-10 01:00:00,10151.72,10188.0,9756.0,9851.83,59573.08
2020-02-11 01:00:00,9851.74,10323.59,9700.0,10223.08,62422.4
2020-02-12 01:00:00,10223.08,10450.0,10223.08,10326.46,61008.06
2020-02-13 01:00:00,10325.33,10500.0,10080.0,10229.63,79344.36
2020-02-14 01:00:00,10227.78,10381.56,10111.37,10344.36,47038.48
2020-02-15 01:00:00,10344.36,10375.0,9801.0,9904.72,57657.2
2020-02-16 01:00:00,9904.46,10050.0,9638.12,9917.27,60024.0
2020-02-17 01:00:00,9910.7,9964.16,9452.67,9706.0,70261.01
2020-02-18 01:00:00,9706.0,10250.0,9576.01,10164.71,70604.12
2020-02-19 01:00:00,10164.78,10250.0,9350.0,9593.79,55162.59
2020-02-20 01:00:00,9594.65,9699.0,9400.0,9596.42,60152.34
2020-02-21 01:00:00,9597.21,9755.51,9550.21,9677.05,42181.55
2020-02-22 01:00:00,9677.05,9709.17,9560.02,9650.86,24636.76
2020-02-23 01:00:00,9650.85,9990.0,9645.0,9936.4,37702.09
2020-02-24 01:00:00,9936.4,9990.0,9473.56,9656.13,55796.6
2020-02-25 01:00:00,9655.52,9675.0,9250.0,9315.84,54379.34
2020-02-26 01:00:00,9316.48,9377.44,8633.63,8785.25,92130.35
2020-02-27 01:00:00,8786.0,8971.77,8531.0,8823.21,72483.58
2020-02-28 01:00:00,8823.25,8900.0,8445.0,8692.91,71155.21
2020-02-29 01:00:00,8690.8,8790.0,8523.55,8523.61,36748.18
2020-03-01 01:00:00,8523.61,8750.0,8411.0,8531.88,43892.2
2020-03-02 01:00:00,8530.3,8965.75,8498.0,8915.24,60401.32
2020-03-03 01:00:00,8911.18,8919.65,8651.0,8760.07,55155.0
2020-03-04 01:00:00,8760.07,8848.29,8660.0,8750.87,38696.48
2020-03-05 01:00:00,8750.99,9159.42,8746.54,9054.68,58201.87
2020-03-06 01:00:00,9054.64,9170.0,8985.5,9131.88,43782.95
2020-03-07 01:00:00,9130.89,9188.0,8835.0,8886.66,45422.2
2020-03-08 01:00:00,8885.25,8886.76,8000.0,8033.31,77537.32
2020-03-09 01:00:00,8034.76,8179.31,7632.01,7929.87,116968.86
2020-03-10 01:00:00,7929.87,8149.0,7728.01,7894.56,86783.44
2020-03-11 01:00:00,7894.57,7980.0,7590.0,7934.52,79942.41
2020-03-12 01:00:00,7934.58,7966.17,4410.0,4800.0,261505.61
2020-03-13 01:00:00,4800.01,5955.0,3782.13,5578.6,402201.67
2020-03-14 01:00:00,5576.05,5640.52,5055.13,5172.06,136910.14
2020-03-15 01:00:00,5172.48,5940.0,5093.1,5361.3,139916.15
2020-03-16 01:00:00,5360.33,5365.42,4442.12,5028.97,227276.92
2020-03-17 01:00:00,5028.86,5525.0,4921.45,5312.64,150089.93
2020-03-18 01:00:00,5312.64,5436.17,5009.37,5393.04,137127.63
2020-03-19 01:00:00,5393.26,6400.0,5252.53,6162.37,199020.87
2020-03-20 01:00:00,6162.05,6900.0,5670.0,6208.36,219298.33
2020-03-21 01:00:00,6204.57,6456.98,5860.02,6186.98,128913.67
2020-03-22 01:00:00,6187.04,6407.87,5734.01,5816.19,119115.99
2020-03-23 01:00:00,5816.05,6600.0,5688.0,6467.31,164674.22
2020-03-24 01:00:00,6465.25,6833.0,6371.33,6744.72,151138.01
2020-03-25 01:00:00,6744.69,6957.96,6450.0,6677.43,132155.73
2020-03-26 01:00:00,6677.42,6780.0,6510.0,6737.36,83026.56
2020-03-27 01:00:00,6737.27,6842.59,6261.0,6359.11,82914.97
2020-03-28 01:00:00,6359.11,6360.0,6024.0,6236.65,93159.69
2020-03-29 01:00:00,6236.65,6266.0,5866.56,5881.42,63311.63
2020-03-30 02:00:00,5880.5,6599.0,5857.76,6394.38,118889.55
2020-03-31 02:00:00,6394.45,6523.23,6321.4,6410.44,72337.6
2020-04-01 02:00:00,6412.14,6679.94,6150.11,6642.92,97500.75
2020-04-02 02:00:00,6643.36,7198.0,6551.0,6794.09,149299.91
2020-04-03 02:00:00,6793.86,7048.0,6602.1,6734.1,104080.28
2020-04-04 02:00:00,6732.97,6990.41,6650.01,6856.99,72990.86
2020-04-05 02:00:00,6857.41,6895.54,6677.52,6772.78,49685.36
2020-04-06 02:00:00,6772.78,7355.14,6765.0,7329.9,118052.0
2020-04-07 02:00:00,7329.9,7459.69,7077.0,7197.32,103585.17
2020-04-08 02:00:00,7197.32,7420.0,7150.0,7361.28,76059.15
2020-04-09 02:00:00,7360.26,7371.92,7108.08,7283.54,61094.87
2020-04-10 02:00:00,7283.54,7295.75,6739.98,6858.92,104674.62
2020-04-11 02:00:00,6858.92,6944.3,6760.0,6876.83,45470.29
2020-04-12 02:00:00,6876.84,7177.0,6780.0,6903.79,73868.67
2020-04-13 02:00:00,6903.79,6903.79,6575.0,6837.91,96415.48
2020-04-14 02:00:00,6838.04,6978.0,6754.28,6868.7,69068.62
2020-04-15 02:00:00,6868.57,6933.0,6605.0,6621.24,61571.38
2020-04-16 02:00:00,6621.25,7190.0,6468.27,7101.94,125009.86
2020-04-17 02:00:00,7101.99,7148.12,6972.98,7027.55,54126.51
2020-04-18 02:00:00,7026.78,7293.08,7014.4,7248.6,49488.54
2020-04-19 02:00:00,7248.6,7266.15,7055.6,7120.74,45664.86
2020-04-20 02:00:00,7121.4,7220.0,6751.0,6826.83,90149.49
2020-04-21 02:00:00,6828.98,6940.0,6762.0,6841.37,60109.71
2020-04-22 02:00:00,6841.36,7156.38,6818.0,7125.14,61486.38
2020-04-23 02:00:00,7125.12,7738.0,7020.0,7482.39,102773.57
2020-04-24 02:00:00,7483.96,7615.96,7388.0,7505.0,60182.12
2020-04-25 02:00:00,7505.0,7705.0,7431.07,7538.67,43874.43
2020-04-26 02:00:00,7539.03,7700.0,7480.0,7693.1,50522.62
2020-04-27 02:00:00,7693.1,7792.02,7606.0,7774.62,65441.34
2020-04-28 02:00:00,7773.51,7780.0,7659.12,7738.98,46302.75
2020-04-29 02:00:00,7738.58,8952.89,7710.05,8778.57,183546.89
2020-04-30 02:00:00,8778.58,9460.0,8401.0,8620.0,206277.21
2020-05-01 02:00:00,8620.0,9059.18,8613.56,8826.96,91468.82
2020-05-02 02:00:00,8825.67,9010.0,8753.0,8972.05,59002.09
2020-05-03 02:00:00,8972.58,9200.0,8712.0,8894.16,90126.07
2020-05-04 02:00:00,8894.15,8950.0,8522.0,8871.96,84418.51
2020-05-05 02:00:00,8871.92,9118.58,8760.0,9021.83,76480.77
2020-05-06 02:00:00,9021.36,9395.0,8906.21,9142.92,105925.3
2020-05-07 02:00:00,9143.4,10067.0,9021.0,9986.4,147154.61
2020-05-08 02:00:00,9986.3,10035.96,9705.0,9800.01,100683.8
2020-05-09 02:00:00,9800.02,9914.25,9520.0,9539.4,81950.68
2020-05-10 02:00:00,9539.1,9574.83,8117.0,8722.77,183865.18
2020-05-11 02:00:00,8722.77,9168.0,8200.0,8561.52,168807.25
2020-05-12 02:00:00,8562.04,8978.26,8528.78,8810.79,86522.78
2020-05-13 02:00:00,8810.99,9398.0,8792.99,9309.37,92466.27
2020-05-14 02:00:00,9309.35,9939.0,9256.76,9791.98,129565.38
2020-05-15 02:00:00,9791.97,9845.62,9150.0,9316.42,115890.76
2020-05-16 02:00:00,9315.96,9588.0,9220.0,9381.27,59587.63
2020-05-17 02:00:00,9380.81,9888.0,9322.1,9680.04,68647.76
2020-05-18 02:00:00,9681.11,9950.0,9464.23,9733.93,82006.6
2020-05-19 02:00:00,9733.93,9897.21,9474.0,9775.53,78539.76
2020-05-20 02:00:00,9775.13,9842.0,9326.0,9511.43,74923.74
2020-05-21 02:00:00,9511.43,9578.47,8815.0,9068.65,108928.78
2020-05-22 02:00:00,9067.51,9271.0,8933.52,9170.0,58943.13
2020-05-23 02:00:00,9170.0,9307.85,9070.0,9179.15,43526.3
2020-05-24 02:00:00,9179.01,9298.0,8700.0,8720.34,70379.87
2020-05-25 02:00:00,8718.14,8979.66,8642.72,8900.35,62833.91
2020-05-26 02:00:00,8900.35,9017.67,8700.0,8841.18,58299.77
2020-05-27 02:00:00,8841.0,9225.0,8811.73,9204.07,68910.36
2020-05-28 02:00:00,9204.07,9625.47,9110.0,9575.89,74110.79
2020-05-29 02:00:00,9575.87,9605.26,9330.0,9427.07,57374.36
2020-05-30 02:00:00,9426.6,9740.0,9331.23,9697.72,55665.27
2020-05-31 02:00:00,9697.72,9700.0,9381.41,9448.27,48333.79
2020-06-01 02:00:00,9448.27,10380.0,9421.67,10200.77,76649.13
2020-06-02 02:00:00,10202.71,10228.99,9266.0,9518.04,108970.77
2020-06-03 02:00:00,9518.02,9690.0,9365.21,9666.24,46252.64
2020-06-04 02:00:00,9666.32,9881.63,9450.0,9789.06,57456.1
2020-06-05 02:00:00,9788.14,9854.75,9581.0,9621.16,47788.05
2020-06-06 02:00:00,9621.17,9735.0,9531.05,9666.3,32752.95
2020-06-07 02:00:00,9666.85,9802.0,9372.46,9746.99,57952.85
2020-06-08 02:00:00,9746.99,9779.99,9633.0,9687.06,14070.43
