Created on 05-14-2020,https://www.CryptoDataDownload.com
Date,Symbol,Open,High,Low,Close,Volume ETH,Volume BTC
2020-05-14,ETHBTC,0.02144,0.02145,0.02106,0.02108,48379.65,1027.55
2020-05-13,ETHBTC,0.02154,0.02173,0.02111,0.02144,215400.1,4613.69
2020-05-12,ETHBTC,0.02169,0.02182,0.02132,0.02154,165469.73,3575.73
2020-05-11,ETHBTC,0.02151,0.02177,0.02097,0.02169,230659.37,4945.04
2020-05-10,ETHBTC,0.02202,0.02297,0.02136,0.02151,324042.39,7098.45
2020-05-09,ETHBTC,0.02157,0.02205,0.02149,0.02202,194237.97,4239.65
2020-05-08,ETHBTC,0.02124,0.02167,0.02118,0.02157,226721.45,4850.37
2020-05-07,ETHBTC,0.02176,0.02227,0.02105,0.02124,334674.16,7287.35
2020-05-06,ETHBTC,0.02275,0.0231,0.0217,0.02176,230881.87,5203.24
2020-05-05,ETHBTC,0.02328,0.02345,0.02272,0.02275,150319.26,3464.15
2020-05-04,ETHBTC,0.02359,0.02368,0.02274,0.02328,208133.33,4823.81
2020-05-03,ETHBTC,0.02384,0.024,0.02342,0.02359,157352.45,3732.32
2020-05-02,ETHBTC,0.02402,0.02417,0.02378,0.02384,175287.11,4203.45
2020-05-01,ETHBTC,0.02389,0.02437,0.02386,0.02402,196096.7,4723.07
2020-04-30,ETHBTC,0.02453,0.02466,0.02361,0.02389,376714.5,9071.66
2020-04-29,ETHBTC,0.02536,0.026,0.0242,0.02453,451019.41,11368.86
2020-04-28,ETHBTC,0.02526,0.02549,0.0251,0.02536,176378.61,4464.35
2020-04-27,ETHBTC,0.02566,0.0257,0.02488,0.02526,228940.97,5793.98
2020-04-26,ETHBTC,0.02576,0.02597,0.0255,0.02566,157571.51,4053.53
2020-04-25,ETHBTC,0.02499,0.02593,0.02492,0.02576,215679.39,5533.12
2020-04-24,ETHBTC,0.0248,0.0251,0.02475,0.02499,215051.11,5368.15
2020-04-23,ETHBTC,0.02565,0.02602,0.0246,0.0248,417281.37,10586.1
2020-04-22,ETHBTC,0.02496,0.02574,0.02489,0.02565,220752.19,5605.44
2020-04-21,ETHBTC,0.02493,0.0253,0.02481,0.02496,194026.32,4855.14
2020-04-20,ETHBTC,0.02528,0.02587,0.02468,0.02493,325383.19,8233.63
2020-04-19,ETHBTC,0.02585,0.02599,0.02493,0.02528,281345.08,7167.03
2020-04-18,ETHBTC,0.02429,0.02603,0.02428,0.02585,296751.14,7452.52
2020-04-17,ETHBTC,0.02426,0.02448,0.02388,0.02429,191044.49,4617.08
2020-04-16,ETHBTC,0.02307,0.02474,0.02289,0.02426,401814.38,9615.1
2020-04-15,ETHBTC,0.02307,0.02339,0.02286,0.02307,269213.2,6244.95
2020-04-14,ETHBTC,0.02286,0.02327,0.02282,0.02307,171933.66,3965.04
2020-04-13,ETHBTC,0.02298,0.02312,0.0226,0.02286,256938.77,5871.78
2020-04-12,ETHBTC,0.02302,0.02321,0.02281,0.02298,169498.44,3900.63
2020-04-11,ETHBTC,0.023,0.02327,0.02274,0.02302,159144.83,3664.94
2020-04-10,ETHBTC,0.02328,0.02334,0.02243,0.023,354426.06,8127.33
2020-04-09,ETHBTC,0.02352,0.02358,0.02321,0.02328,159752.85,3734.46
2020-04-08,ETHBTC,0.02287,0.02359,0.02277,0.02352,245944.44,5721.89
2020-04-07,ETHBTC,0.02337,0.02372,0.02274,0.02287,437355.06,10202.54
2020-04-06,ETHBTC,0.02106,0.02344,0.02101,0.02337,485374.05,10735.16
2020-04-05,ETHBTC,0.02101,0.0212,0.02097,0.02106,112856.48,2380.15
2020-04-04,ETHBTC,0.02099,0.02123,0.02081,0.02101,192421.96,4042.25
2020-04-03,ETHBTC,0.0208,0.02108,0.02076,0.02099,209258.86,4374.9
2020-04-02,ETHBTC,0.02042,0.02111,0.02042,0.0208,292585.44,6049.15
2020-04-01,ETHBTC,0.0207,0.02116,0.02039,0.02042,230553.8,4800.81
2020-03-31,ETHBTC,0.02066,0.02085,0.02041,0.0207,167722.33,3455.91
2020-03-30,ETHBTC,0.02116,0.0213,0.02046,0.02066,234769.35,4897.01
2020-03-29,ETHBTC,0.021,0.02127,0.02087,0.02116,151940.32,3199.71
2020-03-28,ETHBTC,0.02065,0.02135,0.02051,0.021,270428.24,5601.86
2020-03-27,ETHBTC,0.02055,0.02078,0.0203,0.02065,208257.58,4272.36
2020-03-26,ETHBTC,0.02038,0.02065,0.02019,0.02055,195836.06,3989.33
2020-03-25,ETHBTC,0.02053,0.02108,0.0203,0.02038,227025.72,4669.87
2020-03-24,ETHBTC,0.02101,0.02114,0.02047,0.02053,231568.44,4804.6
2020-03-23,ETHBTC,0.02103,0.02133,0.02046,0.02101,233904.72,4895.34
2020-03-22,ETHBTC,0.02143,0.02153,0.02081,0.02103,187871.71,3978.66
2020-03-21,ETHBTC,0.0215,0.02158,0.02111,0.02143,209970.85,4492.06
2020-03-20,ETHBTC,0.02212,0.02277,0.02043,0.0215,488626.27,10622.98
2020-03-19,ETHBTC,0.02189,0.02235,0.02156,0.02212,505376.14,11117.81
2020-03-18,ETHBTC,0.02177,0.02203,0.0216,0.02189,349440.11,7623.76
2020-03-17,ETHBTC,0.02208,0.02257,0.02156,0.02177,272079.26,6003.42
2020-03-16,ETHBTC,0.02309,0.0233,0.0218,0.02208,576196.18,13016.65
2020-03-15,ETHBTC,0.02367,0.02382,0.02221,0.02309,329787.79,7655.91
2020-03-14,ETHBTC,0.02405,0.02443,0.02347,0.02367,376290.08,8997.18
2020-03-13,ETHBTC,0.02241,0.02537,0.0218,0.02405,1396957.12,32852.13
2020-03-12,ETHBTC,0.02453,0.02457,0.02099,0.02241,932675.79,21187.21
2020-03-11,ETHBTC,0.02542,0.02558,0.0239,0.02453,214022.68,5299.16
2020-03-10,ETHBTC,0.02558,0.02572,0.02506,0.02542,217683.33,5519.0
2020-03-09,ETHBTC,0.02482,0.02617,0.02468,0.02558,344665.08,8760.12
2020-03-08,ETHBTC,0.02669,0.02669,0.02446,0.02482,329411.46,8489.59
2020-03-07,ETHBTC,0.02683,0.02749,0.02661,0.02669,214318.16,5766.7
2020-03-06,ETHBTC,0.02522,0.02685,0.02519,0.02683,208879.41,5438.9
2020-03-05,ETHBTC,0.02563,0.02576,0.02501,0.02522,159601.18,4067.73
2020-03-04,ETHBTC,0.02556,0.02595,0.02539,0.02563,125681.2,3219.42
2020-03-03,ETHBTC,0.02603,0.02614,0.02541,0.02556,149217.4,3853.88
2020-03-02,ETHBTC,0.02551,0.0263,0.0254,0.02603,165501.97,4269.31
2020-03-01,ETHBTC,0.0255,0.02605,0.02514,0.02551,155865.39,3999.27
2020-02-29,ETHBTC,0.02609,0.02659,0.02546,0.0255,125001.2,3256.24
2020-02-28,ETHBTC,0.02581,0.02637,0.02527,0.02609,200041.1,5168.6
2020-02-27,ETHBTC,0.02549,0.02663,0.02457,0.02581,304771.81,7825.15
2020-02-26,ETHBTC,0.02649,0.0267,0.0248,0.02549,327324.34,8429.57
2020-02-25,ETHBTC,0.02751,0.02754,0.02642,0.02649,181444.2,4893.64
2020-02-24,ETHBTC,0.02762,0.0278,0.02708,0.02751,183655.93,5050.26
2020-02-23,ETHBTC,0.0271,0.02765,0.027,0.02762,137739.12,3771.32
2020-02-22,ETHBTC,0.0274,0.02749,0.02678,0.0271,111381.1,3018.2
2020-02-21,ETHBTC,0.02678,0.02755,0.0265,0.0274,172559.71,4676.76
2020-02-20,ETHBTC,0.02694,0.02741,0.02592,0.02678,252253.69,6757.97
2020-02-19,ETHBTC,0.0278,0.02811,0.02668,0.02694,213039.95,5834.2
2020-02-18,ETHBTC,0.0276,0.0285,0.02695,0.0278,344476.32,9546.16
2020-02-17,ETHBTC,0.0261,0.02766,0.02488,0.0276,330895.28,8622.35
2020-02-16,ETHBTC,0.02674,0.02739,0.02455,0.0261,347031.36,9105.44
2020-02-15,ETHBTC,0.02757,0.02784,0.02659,0.02674,371800.82,10149.65
2020-02-14,ETHBTC,0.02623,0.02774,0.02574,0.02757,298124.41,7956.72
2020-02-13,ETHBTC,0.02573,0.02685,0.02513,0.02623,368339.67,9583.37
2020-02-12,ETHBTC,0.02315,0.0265,0.02314,0.02573,398556.27,9922.19
2020-02-11,ETHBTC,0.02262,0.0233,0.02235,0.02315,237549.79,5410.57
2020-02-10,ETHBTC,0.02252,0.02281,0.02206,0.02262,208287.51,4675.11
2020-02-09,ETHBTC,0.02254,0.02286,0.0223,0.02252,164420.13,3710.63
2020-02-08,ETHBTC,0.02276,0.02316,0.02208,0.02254,243430.0,5533.75
2020-02-07,ETHBTC,0.02182,0.02283,0.02181,0.02276,254522.81,5715.69
2020-02-06,ETHBTC,0.0212,0.02198,0.02107,0.02182,233656.81,5056.56
2020-02-05,ETHBTC,0.02054,0.02144,0.02047,0.0212,196944.2,4109.42
2020-02-04,ETHBTC,0.02042,0.02057,0.02013,0.02054,132761.07,2703.39
2020-02-03,ETHBTC,0.02019,0.02054,0.02012,0.02042,140923.98,2862.49
2020-02-02,ETHBTC,0.01956,0.02044,0.01943,0.02019,178668.96,3588.13
2020-02-01,ETHBTC,0.01924,0.01958,0.01917,0.01956,102732.64,1996.09
2020-01-31,ETHBTC,0.01941,0.01955,0.019,0.01924,121407.78,2347.11
2020-01-30,ETHBTC,0.01868,0.01954,0.01851,0.01941,148271.55,2811.87
2020-01-29,ETHBTC,0.01874,0.01906,0.01865,0.01868,98086.31,1852.33
2020-01-28,ETHBTC,0.01909,0.01917,0.0187,0.01874,142599.28,2710.13
2020-01-27,ETHBTC,0.01949,0.01954,0.01905,0.01909,108627.48,2096.67
2020-01-26,ETHBTC,0.01923,0.01955,0.01916,0.01949,76759.84,1484.6
2020-01-25,ETHBTC,0.01926,0.01936,0.01899,0.01923,58971.74,1132.13
2020-01-24,ETHBTC,0.01937,0.01943,0.01883,0.01926,103863.85,1985.39
2020-01-23,ETHBTC,0.01936,0.01954,0.01912,0.01937,112778.81,2175.51
2020-01-22,ETHBTC,0.0194,0.01954,0.0192,0.01936,79518.12,1541.32
2020-01-21,ETHBTC,0.01931,0.01954,0.01918,0.0194,103301.62,2000.14
2020-01-20,ETHBTC,0.01917,0.01941,0.01888,0.01931,94141.48,1802.9
2020-01-19,ETHBTC,0.01953,0.01967,0.01888,0.01917,187545.6,3609.24
2020-01-18,ETHBTC,0.01906,0.02004,0.01873,0.01953,228416.23,4442.91
2020-01-17,ETHBTC,0.01883,0.01943,0.01869,0.01906,206829.77,3947.78
2020-01-16,ETHBTC,0.01887,0.01895,0.0184,0.01883,144841.45,2706.18
2020-01-15,ETHBTC,0.0188,0.01945,0.01841,0.01887,236457.9,4458.91
2020-01-14,ETHBTC,0.0177,0.01932,0.01736,0.0188,330244.85,5991.49
2020-01-13,ETHBTC,0.01791,0.01794,0.01757,0.0177,87233.93,1544.65
2020-01-12,ETHBTC,0.01775,0.01793,0.01762,0.01791,89892.14,1598.26
2020-01-11,ETHBTC,0.01767,0.01806,0.0175,0.01775,115595.68,2051.98
2020-01-10,ETHBTC,0.01762,0.01797,0.01745,0.01767,150935.56,2665.81
2020-01-09,ETHBTC,0.01747,0.0177,0.01732,0.01762,118320.25,2073.93
2020-01-08,ETHBTC,0.01753,0.01753,0.01696,0.01747,185771.87,3211.02
2020-01-07,ETHBTC,0.01858,0.01859,0.01751,0.01753,161245.58,2898.31
2020-01-06,ETHBTC,0.0184,0.0189,0.01834,0.01858,139600.15,2603.32
2020-01-05,ETHBTC,0.01825,0.01857,0.01815,0.0184,104971.94,1923.3
2020-01-04,ETHBTC,0.0183,0.01836,0.01814,0.01825,82191.35,1498.61
2020-01-03,ETHBTC,0.01826,0.01843,0.0178,0.0183,144870.46,2623.64
2020-01-02,ETHBTC,0.01815,0.01832,0.01796,0.01826,77337.15,1405.18
2020-01-01,ETHBTC,0.01795,0.01836,0.01792,0.01815,67616.09,1227.28
2019-12-31,ETHBTC,0.01816,0.0183,0.01787,0.01795,95303.42,1725.14
2019-12-30,ETHBTC,0.01818,0.0184,0.01792,0.01816,131001.03,2379.1
2019-12-29,ETHBTC,0.01751,0.01834,0.01748,0.01818,132813.74,2375.2
2019-12-28,ETHBTC,0.01741,0.01765,0.01737,0.01751,91327.79,1595.4
2019-12-27,ETHBTC,0.01744,0.01752,0.01726,0.01741,106444.41,1850.82
2019-12-26,ETHBTC,0.01737,0.01783,0.0173,0.01744,103502.16,1807.78
2019-12-25,ETHBTC,0.0176,0.01762,0.01718,0.01737,93127.29,1614.81
2019-12-24,ETHBTC,0.01746,0.01776,0.01737,0.0176,94022.53,1648.22
2019-12-23,ETHBTC,0.01762,0.01776,0.01722,0.01746,129228.62,2267.22
2019-12-22,ETHBTC,0.01781,0.01817,0.0176,0.01762,94176.78,1687.35
2019-12-21,ETHBTC,0.01783,0.0179,0.01773,0.01781,68451.34,1218.85
2019-12-20,ETHBTC,0.01792,0.01798,0.01773,0.01783,83974.13,1496.67
2019-12-19,ETHBTC,0.01825,0.01833,0.01759,0.01792,157397.31,2806.6
2019-12-18,ETHBTC,0.01841,0.0188,0.018,0.01825,240339.57,4425.76
2019-12-17,ETHBTC,0.01926,0.01933,0.01819,0.01841,183459.84,3466.95
2019-12-16,ETHBTC,0.02001,0.02008,0.0188,0.01926,177923.57,3454.55
2019-12-15,ETHBTC,0.02007,0.02014,0.01987,0.02001,59499.49,1191.96
2019-12-14,ETHBTC,0.01995,0.02015,0.01977,0.02007,62853.69,1256.36
2019-12-13,ETHBTC,0.02013,0.02015,0.01982,0.01995,78762.91,1571.93
2019-12-12,ETHBTC,0.01989,0.02018,0.0196,0.02013,103907.4,2073.72
2019-12-11,ETHBTC,0.02015,0.0202,0.01977,0.01989,74772.99,1497.13
2019-12-10,ETHBTC,0.02008,0.02023,0.01991,0.02015,108234.13,2169.6
2019-12-09,ETHBTC,0.02003,0.02014,0.01976,0.02008,97799.25,1953.47
2019-12-08,ETHBTC,0.01965,0.02011,0.0196,0.02003,84769.14,1685.25
2019-12-07,ETHBTC,0.01972,0.01979,0.01961,0.01965,76630.89,1508.35
2019-12-06,ETHBTC,0.02005,0.02011,0.01968,0.01972,99918.37,1990.35
2019-12-05,ETHBTC,0.02021,0.02024,0.01978,0.02005,112052.73,2239.86
2019-12-04,ETHBTC,0.02017,0.02037,0.0195,0.02021,145609.38,2925.3
2019-12-03,ETHBTC,0.02038,0.0204,0.02012,0.02017,87098.43,1764.42
2019-12-02,ETHBTC,0.02039,0.02053,0.02022,0.02038,90344.8,1840.98
2019-12-01,ETHBTC,0.02008,0.02058,0.01994,0.02039,119640.14,2423.26
2019-11-30,ETHBTC,0.01996,0.02018,0.01981,0.02008,111129.67,2222.03
2019-11-29,ETHBTC,0.02032,0.02051,0.01977,0.01996,147323.89,2970.64
2019-11-28,ETHBTC,0.02032,0.02048,0.02003,0.02032,115338.53,2337.87
2019-11-27,ETHBTC,0.02061,0.02078,0.02026,0.02032,167311.48,3433.04
2019-11-26,ETHBTC,0.02049,0.02083,0.02035,0.02061,125681.61,2578.91
2019-11-25,ETHBTC,0.02027,0.0211,0.02013,0.02049,235030.94,4814.68
2019-11-24,ETHBTC,0.02077,0.02099,0.0202,0.02027,110483.98,2281.01
2019-11-23,ETHBTC,0.02058,0.02107,0.02039,0.02077,117316.36,2440.75
2019-11-22,ETHBTC,0.02111,0.02122,0.02026,0.02058,324925.22,6768.71
2019-11-21,ETHBTC,0.02158,0.02169,0.02085,0.02111,192343.39,4094.03
2019-11-20,ETHBTC,0.02163,0.02182,0.02144,0.02158,116524.99,2524.53
2019-11-19,ETHBTC,0.02176,0.02177,0.02139,0.02163,127952.62,2766.31
2019-11-18,ETHBTC,0.02162,0.02179,0.02143,0.02176,139896.06,3026.51
2019-11-17,ETHBTC,0.02148,0.02171,0.02134,0.02162,106790.02,2300.83
2019-11-16,ETHBTC,0.02125,0.02163,0.02123,0.02148,103758.24,2222.83
2019-11-15,ETHBTC,0.02139,0.02149,0.02095,0.02125,156973.5,3335.39
2019-11-14,ETHBTC,0.02143,0.02152,0.02123,0.02139,111836.46,2392.04
2019-11-13,ETHBTC,0.02121,0.02159,0.02116,0.02143,101020.48,2157.4
2019-11-12,ETHBTC,0.02118,0.02142,0.02106,0.02121,101447.37,2154.48
2019-11-11,ETHBTC,0.0209,0.02149,0.02089,0.02118,98764.65,2096.95
2019-11-10,ETHBTC,0.02099,0.02162,0.02078,0.0209,134992.95,2847.93
2019-11-09,ETHBTC,0.02094,0.02107,0.02078,0.02099,102377.27,2144.12
2019-11-08,ETHBTC,0.02026,0.02098,0.02011,0.02094,150055.09,3085.17
2019-11-07,ETHBTC,0.02046,0.02052,0.02014,0.02026,121914.97,2475.7
2019-11-06,ETHBTC,0.02027,0.02074,0.02021,0.02046,141169.49,2883.25
2019-11-05,ETHBTC,0.01977,0.02057,0.0197,0.02027,137148.51,2755.35
2019-11-04,ETHBTC,0.01974,0.02022,0.01966,0.01977,135227.16,2695.01
2019-11-03,ETHBTC,0.01969,0.01993,0.01961,0.01974,74866.16,1479.21
2019-11-02,ETHBTC,0.01981,0.0199,0.01959,0.01969,70809.06,1397.88
2019-11-01,ETHBTC,0.01993,0.02007,0.01951,0.01981,117588.58,2332.83
2019-10-31,ETHBTC,0.02001,0.02015,0.0196,0.01993,136704.41,2715.33
2019-10-30,ETHBTC,0.02025,0.02054,0.01987,0.02001,169609.94,3417.7
2019-10-29,ETHBTC,0.01973,0.02046,0.01956,0.02025,197301.52,3934.9
2019-10-28,ETHBTC,0.01929,0.01979,0.01897,0.01973,196625.2,3812.89
2019-10-27,ETHBTC,0.01944,0.0196,0.0191,0.01929,192158.63,3716.06
2019-10-26,ETHBTC,0.02096,0.02105,0.01886,0.01944,359705.31,7082.09
2019-10-25,ETHBTC,0.02164,0.02196,0.02082,0.02096,249121.04,5336.3
2019-10-24,ETHBTC,0.02174,0.02185,0.02138,0.02164,158387.78,3431.55
2019-10-23,ETHBTC,0.02135,0.02179,0.02069,0.02174,299681.26,6348.56
2019-10-22,ETHBTC,0.02123,0.02136,0.0209,0.02135,125083.9,2643.53
2019-10-21,ETHBTC,0.02131,0.02147,0.021,0.02123,114420.01,2428.32
2019-10-20,ETHBTC,0.02162,0.02171,0.02122,0.02131,88484.13,1903.74
2019-10-19,ETHBTC,0.02174,0.02195,0.02141,0.02162,99664.43,2160.89
2019-10-18,ETHBTC,0.02195,0.02209,0.0215,0.02174,126358.81,2754.43
2019-10-17,ETHBTC,0.02183,0.02208,0.02176,0.02195,105235.72,2304.44
2019-10-16,ETHBTC,0.02212,0.0222,0.0217,0.02183,123889.38,2712.82
2019-10-15,ETHBTC,0.02237,0.02252,0.02185,0.02212,134823.7,2982.28
2019-10-14,ETHBTC,0.02187,0.02247,0.02185,0.02237,111355.91,2467.04
2019-10-13,ETHBTC,0.02165,0.022,0.02157,0.02187,109248.39,2382.81
2019-10-12,ETHBTC,0.02187,0.0221,0.02138,0.02165,119998.92,2624.64
2019-10-11,ETHBTC,0.02234,0.02269,0.02159,0.02187,188684.84,4168.02
2019-10-10,ETHBTC,0.0225,0.02264,0.02201,0.02234,171841.76,3849.1
2019-10-09,ETHBTC,0.0221,0.02304,0.022,0.0225,237445.9,5319.3
2019-10-08,ETHBTC,0.02196,0.02232,0.02177,0.0221,154208.27,3396.03
2019-10-07,ETHBTC,0.02165,0.0221,0.0216,0.02196,172503.15,3771.03
2019-10-06,ETHBTC,0.02168,0.02199,0.02142,0.02165,115018.9,2496.24
2019-10-05,ETHBTC,0.02158,0.02182,0.02138,0.02168,95412.43,2062.22
2019-10-04,ETHBTC,0.02124,0.0218,0.02123,0.02158,114485.92,2461.47
2019-10-03,ETHBTC,0.02157,0.02158,0.02098,0.02124,119101.78,2540.36
2019-10-02,ETHBTC,0.02118,0.0217,0.02108,0.02157,126236.55,2703.63
2019-10-01,ETHBTC,0.02182,0.02209,0.02101,0.02118,172756.27,3710.99
2019-09-30,ETHBTC,0.02104,0.02186,0.02102,0.02182,190981.24,4093.03
2019-09-29,ETHBTC,0.02116,0.02123,0.02068,0.02104,135474.63,2845.17
2019-09-28,ETHBTC,0.02126,0.0215,0.02093,0.02116,163362.06,3471.66
2019-09-27,ETHBTC,0.02058,0.0216,0.02044,0.02126,195534.48,4067.76
2019-09-26,ETHBTC,0.02016,0.02062,0.01965,0.02058,224646.12,4535.85
2019-09-25,ETHBTC,0.01949,0.02034,0.01942,0.02016,277142.04,5525.59
2019-09-24,ETHBTC,0.02075,0.02079,0.0188,0.01949,474587.67,9387.84
2019-09-23,ETHBTC,0.02106,0.02135,0.02054,0.02075,123494.51,2594.88
2019-09-22,ETHBTC,0.02153,0.02157,0.0206,0.02106,116375.0,2449.64
2019-09-21,ETHBTC,0.02144,0.0218,0.02141,0.02153,102232.56,2208.01
2019-09-20,ETHBTC,0.0215,0.02156,0.02103,0.02144,158350.63,3380.7
2019-09-19,ETHBTC,0.0207,0.02223,0.02026,0.0215,328452.99,6969.32
2019-09-18,ETHBTC,0.0204,0.0215,0.02039,0.0207,280577.64,5856.19
2019-09-17,ETHBTC,0.01924,0.021,0.01917,0.0204,321090.45,6424.76
2019-09-16,ETHBTC,0.01835,0.01956,0.01835,0.01924,205099.72,3873.95
2019-09-15,ETHBTC,0.01821,0.01844,0.01805,0.01835,112209.52,2049.89
2019-09-14,ETHBTC,0.0175,0.01824,0.01694,0.01821,120279.31,2140.64
2019-09-13,ETHBTC,0.01735,0.01764,0.01729,0.0175,102532.74,1786.84
2019-09-12,ETHBTC,0.01755,0.01765,0.01735,0.01735,110305.9,1929.69
2019-09-11,ETHBTC,0.01781,0.018,0.01745,0.01755,139176.5,2467.02
2019-09-10,ETHBTC,0.01752,0.01784,0.01751,0.01781,102397.46,1812.8
2019-09-09,ETHBTC,0.01745,0.01777,0.01722,0.01752,168745.81,2951.86
2019-09-08,ETHBTC,0.01699,0.0176,0.01698,0.01745,164272.44,2846.17
2019-09-07,ETHBTC,0.01641,0.01719,0.0163,0.01699,131963.27,2212.97
2019-09-06,ETHBTC,0.01644,0.01656,0.01615,0.01641,138030.66,2257.69
2019-09-05,ETHBTC,0.01654,0.01662,0.01617,0.01644,107690.61,1763.38
2019-09-04,ETHBTC,0.01684,0.01699,0.01642,0.01654,137917.31,2318.67
2019-09-03,ETHBTC,0.01721,0.0173,0.01671,0.01684,128205.84,2179.51
2019-09-02,ETHBTC,0.01756,0.01772,0.01715,0.01721,114886.31,2008.79
2019-09-01,ETHBTC,0.01789,0.01801,0.0175,0.01756,72553.41,1287.67
2019-08-31,ETHBTC,0.01758,0.01809,0.01738,0.01789,121769.76,2146.02
2019-08-30,ETHBTC,0.01781,0.01792,0.0175,0.01758,97781.72,1730.26
2019-08-29,ETHBTC,0.01779,0.01797,0.01745,0.01781,135408.01,2405.56
2019-08-28,ETHBTC,0.01839,0.01844,0.01723,0.01779,138316.73,2484.92
2019-08-27,ETHBTC,0.01818,0.01868,0.01811,0.01839,122331.53,2250.47
2019-08-26,ETHBTC,0.0184,0.01864,0.01806,0.01818,139346.04,2550.92
2019-08-25,ETHBTC,0.01881,0.01888,0.01828,0.0184,108698.51,2028.65
2019-08-24,ETHBTC,0.01866,0.01898,0.01851,0.01881,131549.62,2465.4
2019-08-23,ETHBTC,0.01885,0.01903,0.01848,0.01866,131758.2,2478.24
2019-08-22,ETHBTC,0.01848,0.01918,0.01848,0.01885,154971.37,2911.1
2019-08-21,ETHBTC,0.01827,0.01862,0.0181,0.01848,139560.92,2563.41
2019-08-20,ETHBTC,0.01853,0.01867,0.01821,0.01827,107862.27,1987.36
2019-08-19,ETHBTC,0.01886,0.019,0.01837,0.01853,129185.54,2420.4
2019-08-18,ETHBTC,0.01817,0.019,0.01807,0.01886,127353.0,2364.15
2019-08-17,ETHBTC,0.0179,0.01827,0.01779,0.01817,124046.41,2223.25
2019-08-16,ETHBTC,0.01826,0.01852,0.01761,0.0179,163755.16,2966.81
2019-08-15,ETHBTC,0.01861,0.01876,0.01798,0.01826,144007.04,2633.35
2019-08-14,ETHBTC,0.01921,0.01979,0.01808,0.01861,204729.76,3898.67
2019-08-13,ETHBTC,0.01856,0.01929,0.01833,0.01921,134711.29,2529.39
2019-08-12,ETHBTC,0.01874,0.01876,0.0185,0.01856,85975.67,1601.58
2019-08-11,ETHBTC,0.01826,0.01899,0.01825,0.01874,149958.2,2786.97
2019-08-10,ETHBTC,0.01773,0.01827,0.01771,0.01826,157916.65,2837.85
2019-08-09,ETHBTC,0.01844,0.01854,0.01757,0.01773,164028.73,2954.22
2019-08-08,ETHBTC,0.01888,0.0191,0.01839,0.01844,161278.02,3042.78
2019-08-07,ETHBTC,0.01971,0.01976,0.01876,0.01888,173103.55,3329.56
2019-08-06,ETHBTC,0.01974,0.01994,0.01908,0.01971,209821.8,4086.79
2019-08-05,ETHBTC,0.02029,0.02037,0.01941,0.01974,175177.82,3468.37
2019-08-04,ETHBTC,0.02054,0.02061,0.02012,0.02029,93213.07,1898.03
2019-08-03,ETHBTC,0.02069,0.02094,0.02036,0.02054,103674.83,2137.01
2019-08-02,ETHBTC,0.0209,0.02116,0.02056,0.02069,135851.43,2831.22
2019-08-01,ETHBTC,0.02167,0.02167,0.02073,0.0209,111983.38,2378.87
2019-07-31,ETHBTC,0.02189,0.02216,0.02143,0.02167,128133.75,2790.26
2019-07-30,ETHBTC,0.02218,0.02222,0.02175,0.02189,104781.55,2298.51
2019-07-29,ETHBTC,0.02217,0.02227,0.02191,0.02218,99377.9,2192.94
2019-07-28,ETHBTC,0.02187,0.02236,0.02162,0.02217,133093.19,2919.94
2019-07-27,ETHBTC,0.02227,0.0223,0.02158,0.02187,260668.67,5712.0
2019-07-26,ETHBTC,0.02218,0.02239,0.02193,0.02227,87048.09,1931.51
2019-07-25,ETHBTC,0.02216,0.02239,0.02192,0.02218,140702.1,3107.88
2019-07-24,ETHBTC,0.02154,0.02249,0.02087,0.02216,166504.44,3582.12
2019-07-23,ETHBTC,0.02104,0.0217,0.02097,0.02154,144373.25,3066.39
2019-07-22,ETHBTC,0.02128,0.02139,0.02081,0.02104,130392.92,2753.02
2019-07-21,ETHBTC,0.02125,0.02143,0.021,0.02128,115476.67,2450.15
2019-07-20,ETHBTC,0.02102,0.02188,0.02101,0.02125,159724.83,3419.42
2019-07-19,ETHBTC,0.02124,0.02129,0.0208,0.02102,155102.04,3263.73
2019-07-18,ETHBTC,0.0218,0.02239,0.02101,0.02124,329091.39,7134.35
2019-07-17,ETHBTC,0.02109,0.02235,0.02096,0.0218,284991.56,6161.45
2019-07-16,ETHBTC,0.02107,0.02143,0.02014,0.02109,327053.98,6851.37
2019-07-15,ETHBTC,0.0222,0.02233,0.02054,0.02107,354955.86,7658.27
2019-07-14,ETHBTC,0.02366,0.02409,0.022,0.0222,325046.08,7362.05
2019-07-13,ETHBTC,0.02335,0.02435,0.02327,0.02366,153189.93,3629.73
2019-07-12,ETHBTC,0.02368,0.02407,0.0232,0.02335,164344.37,3880.56
2019-07-11,ETHBTC,0.02388,0.02427,0.02306,0.02368,232719.32,5496.44
2019-07-10,ETHBTC,0.02451,0.02457,0.02293,0.02388,311112.72,7387.35
2019-07-09,ETHBTC,0.02549,0.0256,0.02437,0.02451,238721.68,5956.88
2019-07-08,ETHBTC,0.02671,0.02693,0.02525,0.02549,185152.82,4813.37
2019-07-07,ETHBTC,0.02561,0.02707,0.02552,0.02671,146027.95,3834.49
2019-07-06,ETHBTC,0.02617,0.02621,0.02527,0.02561,131073.9,3354.22
2019-07-05,ETHBTC,0.02537,0.02643,0.02513,0.02617,199466.42,5167.09
2019-07-04,ETHBTC,0.02522,0.02567,0.02485,0.02537,227137.4,5711.39
2019-07-03,ETHBTC,0.02689,0.02689,0.02516,0.02522,271665.83,7062.06
2019-07-02,ETHBTC,0.02777,0.02832,0.02654,0.02689,294367.4,8141.46
2019-07-01,ETHBTC,0.02697,0.028,0.02664,0.02777,314254.71,8570.06
2019-06-30,ETHBTC,0.0267,0.02708,0.02605,0.02697,282758.28,7506.89
2019-06-29,ETHBTC,0.02506,0.02712,0.02499,0.0267,289777.32,7467.02
2019-06-28,ETHBTC,0.02634,0.02711,0.02498,0.02506,278021.77,7214.72
2019-06-27,ETHBTC,0.02591,0.02735,0.02565,0.02634,485080.24,12778.98
2019-06-26,ETHBTC,0.02692,0.02763,0.02533,0.02591,618635.27,16420.8
2019-06-25,ETHBTC,0.0282,0.02823,0.02687,0.02692,227244.67,6248.63
2019-06-24,ETHBTC,0.02829,0.02863,0.02798,0.0282,164194.56,4647.69
2019-06-23,ETHBTC,0.02896,0.02944,0.02809,0.02829,208502.01,6019.25
2019-06-22,ETHBTC,0.02897,0.02975,0.02782,0.02896,396421.56,11357.2
2019-06-21,ETHBTC,0.02851,0.02985,0.0285,0.02897,321284.72,9403.75
2019-06-20,ETHBTC,0.02898,0.02908,0.02806,0.02851,179016.09,5142.72
2019-06-19,ETHBTC,0.02914,0.02943,0.0289,0.02898,159782.85,4669.75
2019-06-18,ETHBTC,0.02933,0.0295,0.02881,0.02914,238840.39,6982.74
2019-06-17,ETHBTC,0.0299,0.02997,0.02904,0.02933,211704.35,6224.09
2019-06-16,ETHBTC,0.0304,0.03045,0.02936,0.0299,203156.16,6055.25
2019-06-15,ETHBTC,0.03036,0.03087,0.03018,0.0304,164196.47,5011.78
2019-06-14,ETHBTC,0.031,0.0312,0.03022,0.03036,197923.85,6076.37
2019-06-13,ETHBTC,0.03215,0.03229,0.03076,0.031,192398.65,6105.73
2019-06-12,ETHBTC,0.03099,0.03225,0.03083,0.03215,172039.09,5388.61
2019-06-11,ETHBTC,0.0309,0.03124,0.0307,0.03099,123321.15,3811.44
2019-06-10,ETHBTC,0.03028,0.0311,0.0302,0.0309,149765.51,4588.52
2019-06-09,ETHBTC,0.03081,0.03096,0.03,0.03028,131324.28,4005.72
2019-06-08,ETHBTC,0.0312,0.03134,0.03075,0.03081,107983.57,3357.1
2019-06-07,ETHBTC,0.03195,0.03213,0.03111,0.0312,165151.81,5187.73
2019-06-06,ETHBTC,0.03159,0.03209,0.03127,0.03195,132576.87,4180.25
2019-06-05,ETHBTC,0.0314,0.03184,0.03093,0.03159,164959.46,5175.81
2019-06-04,ETHBTC,0.0308,0.03158,0.03065,0.0314,219942.83,6849.94
2019-06-03,ETHBTC,0.03082,0.03112,0.03034,0.0308,172929.44,5319.0
2019-06-02,ETHBTC,0.03095,0.03132,0.03069,0.03082,125452.35,3888.47
2019-06-01,ETHBTC,0.03131,0.03214,0.03084,0.03095,197667.06,6199.52
2019-05-31,ETHBTC,0.03078,0.03135,0.03022,0.03131,244393.83,7528.29
2019-05-30,ETHBTC,0.0311,0.03315,0.02974,0.03078,445260.82,14119.75
2019-05-29,ETHBTC,0.03111,0.03139,0.03077,0.0311,190494.37,5931.96
2019-05-28,ETHBTC,0.03092,0.03153,0.03067,0.03111,196630.83,6103.01
2019-05-27,ETHBTC,0.03069,0.03142,0.03037,0.03092,230118.4,7060.83
2019-05-26,ETHBTC,0.03119,0.03137,0.03014,0.03069,186083.85,5762.8
2019-05-25,ETHBTC,0.03125,0.0319,0.03105,0.03119,142478.49,4471.75
2019-05-24,ETHBTC,0.03116,0.03168,0.03102,0.03125,204607.32,6409.46
2019-05-23,ETHBTC,0.03195,0.03214,0.03072,0.03116,259422.2,8111.79
2019-05-22,ETHBTC,0.03206,0.03261,0.03137,0.03195,269260.0,8641.07
2019-05-21,ETHBTC,0.03155,0.03276,0.03154,0.03206,294436.45,9410.67
2019-05-20,ETHBTC,0.03181,0.03225,0.03107,0.03155,249775.11,7884.64
2019-05-19,ETHBTC,0.03218,0.03244,0.03155,0.03181,246866.32,7898.71
2019-05-18,ETHBTC,0.03322,0.03342,0.03196,0.03218,236077.19,7684.04
2019-05-17,ETHBTC,0.03361,0.03394,0.03155,0.03322,554651.24,18206.93
2019-05-16,ETHBTC,0.03037,0.03485,0.03032,0.03361,756739.72,24698.0
2019-05-15,ETHBTC,0.02724,0.03063,0.02708,0.03037,326006.94,9554.1
2019-05-14,ETHBTC,0.02514,0.02785,0.02485,0.02724,375098.05,9789.52
2019-05-13,ETHBTC,0.02699,0.02723,0.02465,0.02514,291595.2,7572.99
2019-05-12,ETHBTC,0.02687,0.02729,0.02616,0.02699,262486.76,7034.24
2019-05-11,ETHBTC,0.02712,0.02878,0.02558,0.02687,414121.93,11380.06
2019-05-10,ETHBTC,0.02753,0.02811,0.02686,0.02712,203901.57,5579.12
2019-05-09,ETHBTC,0.02854,0.02854,0.02719,0.02753,170827.98,4761.88
2019-05-08,ETHBTC,0.02891,0.02915,0.02841,0.02854,145782.52,4191.53
2019-05-07,ETHBTC,0.0301,0.03141,0.02974,0.02996,160548.57,4888.07
2019-05-06,ETHBTC,0.02823,0.03079,0.028,0.0301,275003.48,8134.42
2019-05-05,ETHBTC,0.02808,0.02843,0.02788,0.02823,149577.77,4217.19
2019-05-04,ETHBTC,0.02911,0.02923,0.02797,0.02808,179231.82,5120.29
2019-05-03,ETHBTC,0.02945,0.02962,0.02821,0.02911,213953.16,6217.48
2019-05-02,ETHBTC,0.02975,0.02994,0.02916,0.02945,135638.29,4000.85
2019-05-01,ETHBTC,0.03042,0.03064,0.02963,0.02975,147404.15,4426.28
2019-04-30,ETHBTC,0.02961,0.03056,0.0296,0.03042,177824.25,5343.95
2019-04-29,ETHBTC,0.02973,0.02987,0.02928,0.02961,140823.66,4169.24
2019-04-28,ETHBTC,0.03008,0.03012,0.0297,0.02973,112183.71,3355.09
2019-04-27,ETHBTC,0.02972,0.0304,0.02959,0.03008,118813.75,3554.82
2019-04-26,ETHBTC,0.02964,0.02987,0.02921,0.02972,204748.35,6038.6
2019-04-25,ETHBTC,0.03044,0.0305,0.02927,0.02964,213627.37,6398.15
2019-04-24,ETHBTC,0.0308,0.03083,0.0297,0.03044,216873.89,6548.58
2019-04-23,ETHBTC,0.03184,0.03186,0.03067,0.0308,204940.93,6422.03
2019-04-22,ETHBTC,0.03207,0.03245,0.03181,0.03184,138009.99,4433.51
2019-04-21,ETHBTC,0.03267,0.03274,0.0318,0.03207,144011.42,4632.52
2019-04-20,ETHBTC,0.03283,0.03325,0.03239,0.03267,124409.95,4072.98
2019-04-19,ETHBTC,0.03296,0.03313,0.03241,0.03283,153320.19,5028.15
2019-04-18,ETHBTC,0.03186,0.0333,0.03176,0.03296,159110.07,5212.31
2019-04-17,ETHBTC,0.03197,0.03202,0.03163,0.03186,116151.12,3700.51
2019-04-16,ETHBTC,0.03184,0.03233,0.03175,0.03197,149926.81,4800.88
2019-04-15,ETHBTC,0.03257,0.03268,0.03113,0.03184,169608.08,5446.13
2019-04-14,ETHBTC,0.0323,0.03268,0.03212,0.03257,97092.35,3135.51
2019-04-13,ETHBTC,0.03234,0.03254,0.03202,0.0323,105503.49,3406.96
2019-04-12,ETHBTC,0.03271,0.03284,0.03222,0.03234,152205.52,4958.74
2019-04-11,ETHBTC,0.03337,0.03339,0.03213,0.03271,274499.81,8985.46
2019-04-10,ETHBTC,0.03391,0.03477,0.03255,0.03337,270743.01,9201.78
2019-04-09,ETHBTC,0.03413,0.03447,0.03372,0.03391,233724.51,7948.23
2019-04-08,ETHBTC,0.0337,0.03526,0.03364,0.03413,413128.63,14252.33
2019-04-07,ETHBTC,0.03281,0.03405,0.03247,0.0337,231957.38,7656.8
2019-04-06,ETHBTC,0.03294,0.03342,0.03221,0.03281,199788.64,6547.51
2019-04-05,ETHBTC,0.03212,0.03336,0.03196,0.03294,228020.85,7478.83
2019-04-04,ETHBTC,0.03244,0.03267,0.03141,0.03212,321939.96,10367.9
2019-04-03,ETHBTC,0.03362,0.03495,0.03141,0.03244,546124.04,18334.37
2019-04-02,ETHBTC,0.03409,0.03411,0.0306,0.03362,518644.01,16928.0
2019-04-01,ETHBTC,0.03448,0.03461,0.03384,0.03409,168961.05,5799.96
2019-03-19,ETHBTC,0.0345,0.03482,0.03447,0.03465,8348.38,289.23
2019-03-18,ETHBTC,0.03483,0.03525,0.03439,0.0345,164501.99,5709.43
2019-03-17,ETHBTC,0.03517,0.03519,0.03452,0.03483,173327.72,6039.28
2019-03-16,ETHBTC,0.0348,0.03575,0.0348,0.03517,247888.78,8733.13
2019-03-15,ETHBTC,0.03411,0.03503,0.03409,0.0348,202604.09,6997.08
2019-03-14,ETHBTC,0.03407,0.0345,0.0335,0.03411,199646.36,6804.62
2019-03-13,ETHBTC,0.03441,0.03442,0.03398,0.03407,217366.58,7421.26
2019-03-12,ETHBTC,0.03427,0.03485,0.03398,0.03441,216216.33,7427.68
2019-03-11,ETHBTC,0.03457,0.03464,0.03407,0.03427,232363.04,7981.89
2019-03-10,ETHBTC,0.03481,0.03496,0.03439,0.03457,208124.28,7217.33
2019-03-09,ETHBTC,0.03456,0.03538,0.03446,0.03481,256277.93,8935.54
2019-03-08,ETHBTC,0.03532,0.03544,0.0342,0.03456,237549.48,8310.32
2019-03-07,ETHBTC,0.03558,0.03588,0.03505,0.03532,193889.74,6876.24
2019-03-06,ETHBTC,0.03545,0.0361,0.035,0.03558,207479.84,7374.05
2019-03-05,ETHBTC,0.03383,0.0356,0.03373,0.03545,264549.07,9172.63
2019-03-04,ETHBTC,0.03429,0.03432,0.03336,0.03383,227458.23,7702.67
2019-03-03,ETHBTC,0.0347,0.03516,0.03385,0.03429,136599.95,4744.13
2019-03-02,ETHBTC,0.03539,0.03551,0.03429,0.0347,184898.06,6441.13
2019-03-01,ETHBTC,0.03549,0.03583,0.03526,0.03539,177809.3,6311.85
2019-02-28,ETHBTC,0.03537,0.036,0.03492,0.03549,324122.61,11524.51
2019-02-27,ETHBTC,0.03577,0.03654,0.0341,0.03537,290680.64,10347.41
2019-02-26,ETHBTC,0.03601,0.03613,0.03527,0.03577,240653.46,8606.59
2019-02-25,ETHBTC,0.0353,0.03678,0.0352,0.03601,346051.97,12507.56
2019-02-24,ETHBTC,0.03831,0.03985,0.03522,0.0353,452744.43,17082.36
2019-02-23,ETHBTC,0.03718,0.03908,0.03696,0.03831,227482.42,8617.91
2019-02-22,ETHBTC,0.037,0.0374,0.03662,0.03718,147335.95,5469.37
2019-02-21,ETHBTC,0.03741,0.03749,0.03651,0.037,176060.35,6501.07
2019-02-20,ETHBTC,0.03671,0.03763,0.03603,0.03741,254115.31,9353.71
2019-02-19,ETHBTC,0.03737,0.03795,0.0366,0.03671,298159.48,11145.23
2019-02-18,ETHBTC,0.03648,0.0383,0.03625,0.03737,452705.13,16851.23
2019-02-17,ETHBTC,0.03392,0.03699,0.03386,0.03648,330354.07,11640.69
2019-02-16,ETHBTC,0.03376,0.03423,0.03372,0.03392,145496.99,4932.4
2019-02-15,ETHBTC,0.03352,0.03411,0.0335,0.03376,138517.72,4681.99
2019-02-14,ETHBTC,0.03378,0.03437,0.0335,0.03352,150597.19,5101.84
2019-02-13,ETHBTC,0.03371,0.03448,0.03359,0.03378,176391.25,5981.61
2019-02-12,ETHBTC,0.03328,0.03395,0.033,0.03371,188280.29,6287.44
2019-02-11,ETHBTC,0.034,0.03412,0.03295,0.03328,194574.85,6485.52
2019-02-10,ETHBTC,0.03253,0.0342,0.03202,0.034,212105.89,6929.6
2019-02-09,ETHBTC,0.03258,0.03304,0.03234,0.03253,167271.91,5446.48
2019-02-08,ETHBTC,0.03074,0.03304,0.0306,0.03258,265555.21,8505.53
2019-02-07,ETHBTC,0.0307,0.03101,0.03063,0.03074,120669.31,3717.53
2019-02-06,ETHBTC,0.03091,0.03105,0.02986,0.0307,181989.69,5529.49
2019-02-05,ETHBTC,0.03108,0.03116,0.03081,0.03091,138843.23,4301.83
2019-02-04,ETHBTC,0.03104,0.03138,0.03085,0.03108,125808.93,3912.92
2019-02-03,ETHBTC,0.03152,0.03167,0.03087,0.03104,123995.46,3875.74
2019-02-02,ETHBTC,0.03083,0.03162,0.03077,0.03152,115686.09,3588.0
2019-02-01,ETHBTC,0.031,0.03114,0.03046,0.03083,146212.39,4501.65
2019-01-31,ETHBTC,0.03131,0.03176,0.03077,0.031,183583.54,5723.6
2019-01-30,ETHBTC,0.03062,0.03159,0.03044,0.03131,187206.19,5808.27
2019-01-29,ETHBTC,0.03072,0.03099,0.03023,0.03062,201121.63,6171.84
2019-01-28,ETHBTC,0.03157,0.03173,0.02981,0.03072,320413.19,9826.31
2019-01-27,ETHBTC,0.03234,0.03243,0.03155,0.03157,200281.19,6419.07
2019-01-26,ETHBTC,0.03231,0.03258,0.03213,0.03234,142179.46,4605.23
2019-01-25,ETHBTC,0.03261,0.03299,0.03225,0.03231,179750.89,5844.79
2019-01-24,ETHBTC,0.03277,0.03283,0.03222,0.03261,226584.87,7384.48
2019-01-23,ETHBTC,0.033,0.03311,0.0326,0.03277,176266.95,5799.45
2019-01-22,ETHBTC,0.03277,0.03316,0.03224,0.033,190551.44,6263.39
2019-01-21,ETHBTC,0.03321,0.03329,0.03241,0.03277,145567.13,4791.11
2019-01-20,ETHBTC,0.03344,0.03352,0.03297,0.03321,186121.62,6194.63
2019-01-19,ETHBTC,0.03315,0.03377,0.03313,0.03344,162741.18,5438.21
2019-01-18,ETHBTC,0.03365,0.03372,0.03295,0.03315,165168.06,5517.24
2019-01-17,ETHBTC,0.03384,0.03397,0.03308,0.03365,211238.05,7095.91
2019-01-16,ETHBTC,0.0335,0.03478,0.03328,0.03384,258912.0,8748.59
2019-01-15,ETHBTC,0.03501,0.03556,0.0329,0.0335,301829.16,10400.34
2019-01-14,ETHBTC,0.03284,0.03548,0.03281,0.03501,267589.51,9103.15
2019-01-13,ETHBTC,0.0344,0.03445,0.03236,0.03284,175593.11,5878.96
2019-01-12,ETHBTC,0.03462,0.035,0.03418,0.0344,152215.4,5274.05
2019-01-11,ETHBTC,0.03485,0.03532,0.03372,0.03462,249618.28,8639.91
2019-01-10,ETHBTC,0.03734,0.03744,0.03409,0.03485,352637.89,12465.94
2019-01-09,ETHBTC,0.0373,0.038,0.03714,0.03734,185430.03,6957.0
2019-01-08,ETHBTC,0.03759,0.03776,0.0369,0.0373,215174.23,8022.11
2019-01-07,ETHBTC,0.03857,0.03879,0.0373,0.03759,217249.43,8268.28
2019-01-06,ETHBTC,0.04053,0.04072,0.03838,0.03857,273421.46,10796.32
2019-01-05,ETHBTC,0.04009,0.04175,0.04009,0.04053,294567.44,12055.41
2019-01-04,ETHBTC,0.03885,0.04085,0.03855,0.04009,288707.57,11505.29
2019-01-03,ETHBTC,0.0394,0.03995,0.03816,0.03885,270659.52,10559.36
2019-01-02,ETHBTC,0.03663,0.04005,0.0365,0.0394,327011.26,12679.07
2019-01-01,ETHBTC,0.03554,0.03753,0.03531,0.03663,160249.36,5821.43
2018-12-31,ETHBTC,0.03624,0.03634,0.0353,0.03554,194511.99,6967.18
2018-12-30,ETHBTC,0.03598,0.03653,0.03496,0.03624,278356.34,9978.59
2018-12-29,ETHBTC,0.03525,0.03744,0.03414,0.03598,358143.76,12694.75
2018-12-28,ETHBTC,0.0319,0.0354,0.03151,0.03525,326147.51,10867.0
2018-12-27,ETHBTC,0.03424,0.03443,0.0313,0.0319,261785.36,8575.82
2018-12-26,ETHBTC,0.03407,0.03534,0.03341,0.03424,278663.32,9548.54
2018-12-25,ETHBTC,0.03445,0.03473,0.03291,0.03407,368441.54,12457.74
2018-12-24,ETHBTC,0.03284,0.03767,0.03275,0.03445,532154.42,18749.66
2018-12-23,ETHBTC,0.02916,0.03313,0.02913,0.03284,428006.73,13669.11
2018-12-22,ETHBTC,0.02806,0.0294,0.02779,0.02916,200258.62,5726.18
2018-12-21,ETHBTC,0.02809,0.02875,0.0275,0.02806,313936.05,8864.63
2018-12-20,ETHBTC,0.02695,0.02866,0.02675,0.02809,364141.45,9984.66
2018-12-19,ETHBTC,0.02749,0.02825,0.02688,0.02695,410506.81,11248.21
2018-12-18,ETHBTC,0.0268,0.02759,0.02642,0.02749,333383.9,8919.8
2018-12-17,ETHBTC,0.02623,0.02716,0.02616,0.0268,242339.82,6438.09
2018-12-16,ETHBTC,0.02608,0.02675,0.02608,0.02623,132463.57,3506.19
2018-12-15,ETHBTC,0.026,0.02616,0.02585,0.02608,149202.47,3885.81
2018-12-14,ETHBTC,0.02615,0.0263,0.02582,0.026,222344.06,5803.8
2018-12-13,ETHBTC,0.02595,0.02654,0.02581,0.02615,201561.55,5275.96
2018-12-12,ETHBTC,0.02596,0.0263,0.02583,0.02595,155845.08,4064.67
2018-12-11,ETHBTC,0.02618,0.02653,0.02516,0.02598,159586.79,4153.13
2018-12-10,ETHBTC,0.0263,0.02645,0.02579,0.02618,167825.81,4381.56
2018-12-09,ETHBTC,0.02649,0.027,0.02609,0.0263,202961.48,5392.88
2018-12-08,ETHBTC,0.02734,0.02813,0.0255,0.02649,313511.41,8354.07
2018-12-07,ETHBTC,0.02598,0.02778,0.02463,0.02734,490921.19,12684.86
2018-12-06,ETHBTC,0.02727,0.02734,0.02554,0.02598,327037.83,8675.94
2018-12-05,ETHBTC,0.02781,0.0279,0.0272,0.02727,179512.57,4957.25
2018-12-04,ETHBTC,0.02798,0.02811,0.0277,0.02781,176152.01,4918.43
2018-12-03,ETHBTC,0.02803,0.02845,0.0277,0.02798,166393.5,4668.89
2018-12-02,ETHBTC,0.02818,0.02834,0.02788,0.02803,141965.0,3987.94
2018-12-01,ETHBTC,0.02816,0.02883,0.02782,0.02818,160857.61,4530.92
2018-11-30,ETHBTC,0.02746,0.02854,0.0273,0.02811,218782.95,6127.19
2018-11-29,ETHBTC,0.02881,0.02891,0.02737,0.02746,261452.41,7299.97
2018-11-28,ETHBTC,0.02876,0.0291,0.02791,0.02881,280017.6,7971.61
2018-11-27,ETHBTC,0.02867,0.02909,0.02777,0.02876,263058.41,7445.46
2018-11-26,ETHBTC,0.02904,0.0292,0.02828,0.02867,303429.31,8710.74
2018-11-25,ETHBTC,0.02922,0.02949,0.02786,0.02904,374996.3,10764.67
2018-11-24,ETHBTC,0.02829,0.02938,0.0281,0.02922,255823.48,7325.46
2018-11-23,ETHBTC,0.02895,0.0292,0.02797,0.02829,234008.66,6662.88
2018-11-22,ETHBTC,0.02967,0.02991,0.02889,0.02895,185388.87,5452.48
2018-11-21,ETHBTC,0.02932,0.03015,0.02876,0.02967,333710.25,9861.6
2018-11-20,ETHBTC,0.03064,0.03095,0.02875,0.02932,640094.83,19135.15
2018-11-19,ETHBTC,0.0316,0.03164,0.02904,0.03064,386563.06,11672.73
2018-11-18,ETHBTC,0.03131,0.03194,0.03126,0.0316,117106.14,3685.83
2018-11-17,ETHBTC,0.03129,0.0316,0.0311,0.03131,129960.86,4076.66
2018-11-16,ETHBTC,0.03203,0.0322,0.0312,0.03129,153990.19,4886.3
2018-11-15,ETHBTC,0.03168,0.03233,0.03127,0.03203,245194.57,7791.99
2018-11-14,ETHBTC,0.03248,0.03252,0.03003,0.03168,287205.14,9063.67
2018-11-13,ETHBTC,0.03299,0.03305,0.03235,0.03248,118902.27,3890.24
2018-11-12,ETHBTC,0.03298,0.03313,0.0328,0.03299,99936.05,3296.43
2018-11-11,ETHBTC,0.03314,0.03322,0.0328,0.03298,83087.23,2743.53
2018-11-10,ETHBTC,0.03284,0.03336,0.0328,0.03314,81769.65,2705.56
2018-11-09,ETHBTC,0.03285,0.03315,0.03263,0.03284,109518.93,3603.44
2018-11-08,ETHBTC,0.03331,0.03356,0.0328,0.03285,147555.89,4878.67
2018-11-07,ETHBTC,0.03387,0.03408,0.03318,0.03331,173125.95,5813.17
2018-11-06,ETHBTC,0.03257,0.03392,0.0324,0.03387,183784.14,6089.97
2018-11-05,ETHBTC,0.0327,0.03284,0.0322,0.03257,137301.66,4459.78
2018-11-04,ETHBTC,0.03135,0.03358,0.03126,0.0327,186899.17,6004.02
2018-11-03,ETHBTC,0.03146,0.03148,0.0313,0.03135,82080.61,2576.28
2018-11-02,ETHBTC,0.03118,0.03169,0.0311,0.03146,128287.49,4020.02
2018-11-01,ETHBTC,0.03119,0.03129,0.0311,0.03118,111596.58,3478.63
2018-10-31,ETHBTC,0.03116,0.03134,0.03085,0.03119,126153.98,3925.18
2018-10-30,ETHBTC,0.03104,0.03124,0.03092,0.03116,115075.11,3574.38
2018-10-29,ETHBTC,0.03162,0.0318,0.03083,0.03104,144379.5,4521.2
2018-10-28,ETHBTC,0.03143,0.03198,0.03135,0.03162,100830.71,3177.34
2018-10-27,ETHBTC,0.03135,0.03149,0.0313,0.03143,96063.32,3014.45
2018-10-26,ETHBTC,0.03122,0.0317,0.03112,0.03135,104385.39,3267.7
2018-10-25,ETHBTC,0.03127,0.03133,0.03104,0.03122,100850.09,3146.87
2018-10-24,ETHBTC,0.03142,0.03147,0.03115,0.03127,126256.62,3956.38
2018-10-23,ETHBTC,0.03141,0.03156,0.03106,0.03142,142827.46,4466.4
2018-10-22,ETHBTC,0.03149,0.0316,0.03127,0.03141,110072.29,3460.63
2018-10-21,ETHBTC,0.03157,0.03186,0.0314,0.03149,80792.31,2554.24
2018-10-20,ETHBTC,0.03138,0.03181,0.03129,0.03157,91549.22,2891.36
2018-10-19,ETHBTC,0.03116,0.03148,0.03104,0.03138,91758.62,2870.81
2018-10-18,ETHBTC,0.0316,0.03175,0.03092,0.03116,209725.9,6583.61
2018-10-17,ETHBTC,0.03184,0.03202,0.0314,0.0316,215519.31,6835.77
2018-10-16,ETHBTC,0.03176,0.03176,0.0316,0.0316,0.0,0.0
2018-10-15,ETHBTC,0.03106,0.03343,0.0308,0.03176,383708.43,12167.98
2018-10-14,ETHBTC,0.03181,0.03201,0.03086,0.03106,152972.07,4838.39
2018-10-13,ETHBTC,0.03129,0.03203,0.03125,0.03181,145587.11,4620.4
2018-10-12,ETHBTC,0.03063,0.03175,0.03061,0.03129,231859.08,7242.12
2018-10-11,ETHBTC,0.03419,0.03429,0.03048,0.03063,354589.12,11376.22
2018-10-10,ETHBTC,0.03432,0.03441,0.03407,0.03419,198766.12,6811.58
2018-10-09,ETHBTC,0.03447,0.03464,0.03422,0.03432,158166.91,5442.29
2018-10-08,ETHBTC,0.03423,0.03465,0.034,0.03447,169120.92,5801.03
2018-10-07,ETHBTC,0.03414,0.03432,0.03389,0.03423,120166.07,4095.31
2018-10-06,ETHBTC,0.03441,0.0345,0.03399,0.03414,135585.7,4641.57
2018-10-05,ETHBTC,0.03378,0.03479,0.03346,0.03441,179052.81,6068.99
2018-10-04,ETHBTC,0.0339,0.0343,0.03357,0.03378,156679.91,5327.62
2018-10-03,ETHBTC,0.03456,0.03463,0.03353,0.0339,167575.65,5688.21
2018-10-02,ETHBTC,0.03502,0.0351,0.03425,0.03456,163761.85,5687.42
2018-10-01,ETHBTC,0.03518,0.03538,0.03449,0.03502,159753.64,5577.62
2018-09-30,ETHBTC,0.03508,0.0359,0.0346,0.03518,178574.63,6305.66
2018-09-29,ETHBTC,0.03345,0.03599,0.03292,0.03508,229546.04,7958.25
2018-09-28,ETHBTC,0.03425,0.03457,0.03281,0.03345,218695.42,7395.93
2018-09-27,ETHBTC,0.03315,0.03473,0.03264,0.03425,204990.84,6883.66
2018-09-26,ETHBTC,0.03406,0.03414,0.03248,0.03315,225464.1,7500.09
2018-09-25,ETHBTC,0.03463,0.03467,0.03199,0.03406,282006.6,9390.23
2018-09-24,ETHBTC,0.03646,0.0366,0.0343,0.03463,181568.58,6437.14
2018-09-23,ETHBTC,0.03585,0.03682,0.0354,0.03646,168477.75,6087.97
2018-09-22,ETHBTC,0.03666,0.03751,0.03512,0.03585,209772.18,7552.24
2018-09-21,ETHBTC,0.03452,0.0372,0.0334,0.03666,377553.36,13100.69
2018-09-20,ETHBTC,0.03282,0.03484,0.03236,0.03452,222230.67,7341.54
2018-09-19,ETHBTC,0.03289,0.03375,0.03224,0.03282,204814.67,6747.31
2018-09-18,ETHBTC,0.03138,0.03364,0.03112,0.03289,232849.68,7534.77
2018-09-17,ETHBTC,0.03386,0.03443,0.03095,0.03138,266388.86,8781.21
2018-09-16,ETHBTC,0.03406,0.03432,0.03256,0.03386,204033.85,6849.33
2018-09-15,ETHBTC,0.0322,0.03472,0.03211,0.03406,208020.72,6984.8
2018-09-14,ETHBTC,0.0325,0.03409,0.03151,0.0322,326293.4,10705.12
2018-09-13,ETHBTC,0.02892,0.03299,0.02889,0.0325,382045.09,11743.4
2018-09-12,ETHBTC,0.02943,0.02943,0.02688,0.02892,376634.8,10524.4
2018-09-11,ETHBTC,0.03122,0.03144,0.02847,0.02943,290462.69,8731.15
2018-09-10,ETHBTC,0.03136,0.03211,0.02996,0.03122,272463.28,8444.3
2018-09-09,ETHBTC,0.03183,0.03249,0.03012,0.03136,289728.79,9059.19
2018-09-08,ETHBTC,0.03363,0.03683,0.03096,0.03183,250566.87,8260.04
2018-09-07,ETHBTC,0.03528,0.0359,0.03351,0.03363,251365.09,8672.32
2018-09-06,ETHBTC,0.03411,0.03586,0.03334,0.03528,333375.25,11685.97
2018-09-05,ETHBTC,0.03876,0.03893,0.03392,0.03411,320960.43,11754.22
2018-09-04,ETHBTC,0.0398,0.03995,0.03851,0.03876,180870.59,7093.14
2018-09-03,ETHBTC,0.04049,0.04052,0.03954,0.0398,174147.81,6945.69
2018-09-02,ETHBTC,0.04105,0.04142,0.04001,0.04049,152406.66,6195.54
2018-09-01,ETHBTC,0.04014,0.0417,0.04012,0.04105,168210.64,6880.77
2018-08-31,ETHBTC,0.04066,0.04076,0.03639,0.04014,178704.18,7181.59
2018-08-30,ETHBTC,0.04101,0.04132,0.03991,0.04066,172562.36,7007.28
2018-08-29,ETHBTC,0.04172,0.04194,0.04085,0.04101,171751.99,7107.0
2018-08-28,ETHBTC,0.04167,0.0419,0.04075,0.04172,188118.62,7754.2
2018-08-27,ETHBTC,0.04091,0.04176,0.0407,0.04167,187440.77,7716.8
2018-08-26,ETHBTC,0.04122,0.04127,0.04061,0.04091,134508.39,5509.16
2018-08-25,ETHBTC,0.04205,0.04206,0.04106,0.04122,138540.47,5760.22
2018-08-24,ETHBTC,0.04229,0.04245,0.04154,0.04205,164563.96,6932.29
2018-08-23,ETHBTC,0.04253,0.04323,0.04193,0.04229,135374.84,5749.91
2018-08-22,ETHBTC,0.0434,0.04388,0.04144,0.04253,168811.71,7214.25
2018-08-21,ETHBTC,0.04332,0.0441,0.04185,0.0434,149159.69,6463.86
2018-08-20,ETHBTC,0.0462,0.04659,0.04285,0.04332,156726.74,7045.13
2018-08-19,ETHBTC,0.04604,0.04749,0.04555,0.0462,114071.99,5295.9
2018-08-18,ETHBTC,0.04824,0.04866,0.04479,0.04604,156489.22,7337.33
2018-08-17,ETHBTC,0.04542,0.0485,0.04526,0.04824,195224.13,9062.65
2018-08-16,ETHBTC,0.04484,0.0463,0.04457,0.04542,139263.67,6321.08
2018-08-15,ETHBTC,0.04501,0.04637,0.04421,0.04484,189666.88,8554.96
2018-08-14,ETHBTC,0.0454,0.04544,0.04194,0.04501,239648.95,10429.28
2018-08-13,ETHBTC,0.05038,0.05053,0.045,0.0454,184554.71,8859.92
2018-08-12,ETHBTC,0.05079,0.05079,0.05079,0.05079,0.0,0.0
2018-08-11,ETHBTC,0.05397,0.05417,0.0505,0.05079,87982.66,4584.51
2018-08-10,ETHBTC,0.05568,0.05651,0.05364,0.05397,133718.19,7426.96
2018-08-09,ETHBTC,0.05656,0.05719,0.05541,0.05568,117029.14,6611.18
2018-08-08,ETHBTC,0.05628,0.05755,0.05545,0.05656,129945.38,7377.55
2018-08-07,ETHBTC,0.0584,0.05865,0.05527,0.05628,126209.82,7253.88
2018-08-06,ETHBTC,0.05816,0.0587,0.05766,0.0584,100520.01,5854.57
2018-08-05,ETHBTC,0.05806,0.05855,0.05766,0.05816,88995.5,5169.07
2018-08-04,ETHBTC,0.05633,0.0586,0.05577,0.05806,117645.37,6689.46
2018-08-03,ETHBTC,0.05455,0.0565,0.0542,0.05633,121388.94,6728.54
2018-08-02,ETHBTC,0.0552,0.05559,0.05414,0.05455,94623.15,5177.47
2018-08-01,ETHBTC,0.05581,0.05643,0.05446,0.0552,103218.19,5732.14
2018-07-31,ETHBTC,0.05587,0.05632,0.05436,0.05581,113922.68,6332.59
2018-07-30,ETHBTC,0.05678,0.05707,0.0555,0.05587,98395.36,5552.82
2018-07-29,ETHBTC,0.05694,0.0571,0.05655,0.05678,81424.89,4623.46
2018-07-28,ETHBTC,0.05745,0.05752,0.05669,0.05694,78967.19,4512.91
2018-07-27,ETHBTC,0.05831,0.05895,0.0567,0.05745,95865.36,5557.14
2018-07-26,ETHBTC,0.05776,0.05886,0.05757,0.05831,107360.58,6237.58
2018-07-25,ETHBTC,0.05702,0.05818,0.05678,0.05776,119113.19,6849.09
2018-07-24,ETHBTC,0.05825,0.05934,0.05651,0.05702,162829.24,9441.27
2018-07-23,ETHBTC,0.06186,0.06188,0.05795,0.05825,117896.2,7031.25
2018-07-22,ETHBTC,0.06217,0.06284,0.06145,0.06186,82438.56,5125.99
2018-07-21,ETHBTC,0.06126,0.06327,0.06089,0.06217,94627.33,5915.87
2018-07-20,ETHBTC,0.0627,0.06278,0.06037,0.06126,124949.62,7711.31
2018-07-19,ETHBTC,0.06496,0.06511,0.06237,0.0627,115274.28,7377.29
2018-07-18,ETHBTC,0.06822,0.06869,0.06448,0.06496,149064.47,9952.41
2018-07-17,ETHBTC,0.07126,0.07148,0.068,0.06822,121902.21,8496.53
2018-07-16,ETHBTC,0.07075,0.0719,0.07015,0.07126,91405.73,6510.06
2018-07-15,ETHBTC,0.06932,0.07115,0.06914,0.07075,62565.59,4387.84
2018-07-14,ETHBTC,0.06953,0.07002,0.06915,0.06932,66094.27,4595.53
2018-07-13,ETHBTC,0.069,0.07052,0.06879,0.06953,79323.92,5536.79
2018-07-12,ETHBTC,0.06975,0.07026,0.06854,0.069,79450.15,5526.25
2018-07-11,ETHBTC,0.06865,0.06995,0.06757,0.06975,86465.15,5955.54
2018-07-10,ETHBTC,0.07079,0.07088,0.06753,0.06865,112234.67,7759.64
2018-07-09,ETHBTC,0.07253,0.0728,0.07058,0.07079,86762.61,6210.94
2018-07-08,ETHBTC,0.0719,0.0731,0.07165,0.07253,74290.46,5371.17
2018-07-07,ETHBTC,0.07119,0.0719,0.07014,0.0719,78027.05,5554.03
2018-07-06,ETHBTC,0.07161,0.07192,0.07001,0.07119,109831.67,7820.48
2018-07-05,ETHBTC,0.07092,0.0719,0.0707,0.07161,115612.37,8253.28
2018-07-04,ETHBTC,0.07087,0.07208,0.07058,0.07092,74025.08,5265.2
2018-07-03,ETHBTC,0.07199,0.07289,0.07063,0.07087,129405.85,9252.18
2018-07-02,ETHBTC,0.07115,0.07247,0.07061,0.07199,111694.69,7963.95
2018-07-01,ETHBTC,0.07106,0.07154,0.07056,0.07115,85995.0,6112.67
2018-06-30,ETHBTC,0.07011,0.07171,0.06993,0.07106,110558.05,7810.21
2018-06-29,ETHBTC,0.07183,0.07208,0.0691,0.07011,108824.83,7659.84
2018-06-28,ETHBTC,0.07196,0.07219,0.07065,0.07183,91277.55,6516.17
2018-06-27,ETHBTC,0.07083,0.07217,0.06996,0.07196,98562.74,7001.9
2018-06-26,ETHBTC,0.0734,0.07368,0.0707,0.07083,60303.9,4336.28
2018-06-25,ETHBTC,0.07403,0.07556,0.0728,0.0734,98778.91,7291.78
2018-06-24,ETHBTC,0.07695,0.07722,0.0727,0.07403,113015.48,8451.3
2018-06-23,ETHBTC,0.07642,0.07752,0.07564,0.07695,79776.12,6130.27
2018-06-22,ETHBTC,0.07833,0.07838,0.07508,0.07642,115611.91,8882.16
2018-06-21,ETHBTC,0.07935,0.08039,0.07785,0.07833,94657.25,7492.84
2018-06-20,ETHBTC,0.07981,0.07993,0.07848,0.07935,87902.25,6961.58
2018-06-19,ETHBTC,0.07719,0.08017,0.07692,0.07981,97834.63,7695.96
2018-06-18,ETHBTC,0.07707,0.07768,0.07635,0.07719,83175.65,6397.63
2018-06-17,ETHBTC,0.07659,0.07757,0.07646,0.07707,71100.35,5470.56
2018-06-16,ETHBTC,0.07635,0.0775,0.07588,0.07659,74886.54,5749.56
2018-06-15,ETHBTC,0.07827,0.07846,0.07463,0.07635,107350.69,8217.38
2018-06-14,ETHBTC,0.07558,0.0791,0.07271,0.07827,139662.72,10591.83
2018-06-13,ETHBTC,0.07556,0.07639,0.07225,0.07558,126994.49,9433.5
2018-06-12,ETHBTC,0.0773,0.0784,0.07441,0.07556,118827.9,9141.06
2018-06-11,ETHBTC,0.07754,0.07895,0.075,0.0773,106002.62,8245.29
2018-06-10,ETHBTC,0.07911,0.0795,0.0755,0.07754,121257.79,9470.83
2018-06-09,ETHBTC,0.07875,0.0795,0.0777,0.07911,81635.25,6452.02
2018-06-08,ETHBTC,0.0787,0.07929,0.07799,0.07875,97508.66,7686.35
2018-06-07,ETHBTC,0.07923,0.0797,0.07823,0.0787,104165.69,8231.87
2018-06-06,ETHBTC,0.0799,0.0801,0.079,0.07923,105663.26,8402.58
2018-06-05,ETHBTC,0.07892,0.0805,0.0777,0.0799,106634.27,8458.02
2018-06-04,ETHBTC,0.08023,0.0808,0.07773,0.07892,116842.7,9269.69
2018-06-03,ETHBTC,0.07735,0.08086,0.07735,0.08023,106297.73,8440.8
2018-06-02,ETHBTC,0.07698,0.07812,0.07651,0.07735,109656.36,8488.07
2018-06-01,ETHBTC,0.07722,0.07775,0.07592,0.07698,117694.67,9063.43
2018-05-31,ETHBTC,0.07559,0.07744,0.07528,0.07722,114433.98,8732.55
2018-05-30,ETHBTC,0.07594,0.0775,0.07419,0.07559,117907.6,8916.0
2018-05-29,ETHBTC,0.07214,0.07649,0.07207,0.07594,119865.14,8915.43
2018-05-28,ETHBTC,0.07771,0.0779,0.0715,0.07214,136236.62,10106.37
2018-05-27,ETHBTC,0.07996,0.08039,0.07658,0.07771,94514.33,7417.38
2018-05-26,ETHBTC,0.07851,0.08026,0.07782,0.07996,88562.59,7041.75
2018-05-25,ETHBTC,0.0794,0.08091,0.07732,0.07851,120150.14,9549.33
2018-05-24,ETHBTC,0.07705,0.0795,0.0753,0.0794,128119.04,9967.97
2018-05-23,ETHBTC,0.08042,0.08107,0.07576,0.07705,152871.19,12019.12
2018-05-22,ETHBTC,0.08314,0.084,0.08002,0.08042,110153.54,9084.77
2018-05-21,ETHBTC,0.08392,0.08439,0.08241,0.08314,84674.86,7072.65
2018-05-20,ETHBTC,0.08468,0.0859,0.08385,0.08392,85198.37,7241.66
2018-05-19,ETHBTC,0.08409,0.08574,0.08325,0.08468,84819.81,7166.68
2018-05-18,ETHBTC,0.08297,0.08435,0.0827,0.08409,100623.4,8429.7
2018-05-17,ETHBTC,0.0847,0.0854,0.0827,0.08297,89942.8,7596.94
2018-05-16,ETHBTC,0.08325,0.08473,0.08245,0.0847,102330.13,8582.82
2018-05-15,ETHBTC,0.084,0.08496,0.08241,0.08325,113443.43,9501.36
2018-05-14,ETHBTC,0.084,0.0848,0.0825,0.084,132571.9,11100.4
2018-05-13,ETHBTC,0.08077,0.08543,0.07999,0.084,126238.12,10450.1
2018-05-12,ETHBTC,0.08056,0.0812,0.07752,0.08077,131557.61,10448.8
2018-05-11,ETHBTC,0.0802,0.08225,0.0783,0.08056,162571.63,13009.32
2018-05-10,ETHBTC,0.08075,0.0821,0.08016,0.0802,141299.05,11489.85
2018-05-09,ETHBTC,0.08163,0.08176,0.07915,0.08075,139911.86,11249.42
2018-05-08,ETHBTC,0.0804,0.08214,0.07905,0.08163,145102.8,11721.11
2018-05-07,ETHBTC,0.0822,0.0827,0.07595,0.0804,185163.62,14628.71
2018-05-06,ETHBTC,0.08308,0.08467,0.08,0.0822,125195.24,10304.92
2018-05-05,ETHBTC,0.08086,0.08333,0.08068,0.08308,127863.83,10525.62
2018-05-04,ETHBTC,0.07996,0.08319,0.07906,0.08086,186570.26,15140.67
2018-05-03,ETHBTC,0.07446,0.081,0.07437,0.07996,231760.76,18193.43
2018-05-02,ETHBTC,0.0741,0.07522,0.07388,0.07446,125281.52,9332.93
2018-05-01,ETHBTC,0.07254,0.07463,0.07049,0.0741,140148.49,10238.88
2018-04-30,ETHBTC,0.07332,0.07512,0.07212,0.07254,152930.56,11240.53
2018-04-29,ETHBTC,0.07317,0.0736,0.0723,0.07332,137169.88,10029.79
2018-04-28,ETHBTC,0.07208,0.07387,0.07199,0.07317,122569.89,8973.95
2018-04-27,ETHBTC,0.07135,0.07356,0.07068,0.07208,127991.53,9243.44
2018-04-26,ETHBTC,0.06957,0.072,0.06885,0.07135,143393.56,10176.4
2018-04-25,ETHBTC,0.07288,0.07297,0.06669,0.06955,202955.73,14147.75
2018-04-24,ETHBTC,0.07205,0.07576,0.07165,0.07288,160173.98,11854.07
2018-04-23,ETHBTC,0.07065,0.07266,0.07054,0.07205,118995.65,8547.63
2018-04-22,ETHBTC,0.06791,0.07266,0.0658,0.07065,132587.54,9295.11
2018-04-21,ETHBTC,0.06966,0.06978,0.06533,0.06791,132471.97,9076.34
2018-04-20,ETHBTC,0.06867,0.07128,0.06749,0.06966,168581.86,11671.04
2018-04-19,ETHBTC,0.06443,0.06889,0.06394,0.06867,156802.53,10364.25
2018-04-18,ETHBTC,0.06368,0.06448,0.06326,0.06443,116161.96,7409.85
2018-04-17,ETHBTC,0.06353,0.0647,0.06287,0.06368,136848.75,8696.58
2018-04-16,ETHBTC,0.06389,0.06409,0.0629,0.06353,101524.27,6426.89
2018-04-15,ETHBTC,0.06285,0.06397,0.06226,0.06389,79798.38,5042.04
2018-04-14,ETHBTC,0.06264,0.06356,0.06164,0.06285,85682.87,5361.18
2018-04-13,ETHBTC,0.06239,0.06469,0.0618,0.06264,181506.69,11471.17
2018-04-12,ETHBTC,0.06192,0.06305,0.05929,0.06239,200055.51,12251.52
2018-04-11,ETHBTC,0.06073,0.0621,0.06024,0.06192,145649.79,8871.94
2018-04-10,ETHBTC,0.05887,0.0608,0.0584,0.06073,124912.05,7412.23
2018-04-09,ETHBTC,0.05709,0.06007,0.05699,0.05887,138342.64,8110.91
2018-04-08,ETHBTC,0.05581,0.05726,0.0555,0.05709,96021.05,5422.18
2018-04-07,ETHBTC,0.05592,0.0562,0.0551,0.05581,96068.2,5348.69
2018-04-06,ETHBTC,0.05631,0.05641,0.05535,0.05592,89682.81,5010.48
2018-04-05,ETHBTC,0.05566,0.05642,0.05538,0.05631,136670.67,7642.78
2018-04-04,ETHBTC,0.05603,0.05615,0.05367,0.05566,129955.68,7158.68
2018-04-03,ETHBTC,0.05455,0.05612,0.05381,0.05603,129906.36,7106.87
2018-04-02,ETHBTC,0.05555,0.0559,0.05429,0.05455,107781.92,5948.83
2018-04-01,ETHBTC,0.05686,0.05703,0.0551,0.05555,100287.85,5620.6
2018-03-31,ETHBTC,0.05742,0.05896,0.05639,0.05686,118168.99,6775.43
2018-03-30,ETHBTC,0.05406,0.05755,0.05406,0.05742,169934.39,9469.32
2018-03-29,ETHBTC,0.05613,0.05652,0.054,0.05406,176647.39,9695.85
2018-03-28,ETHBTC,0.05751,0.05796,0.056,0.05613,129465.3,7377.1
2018-03-27,ETHBTC,0.05972,0.06007,0.05656,0.05751,149512.64,8689.37
2018-03-26,ETHBTC,0.06189,0.06224,0.05924,0.05972,148909.8,9023.47
2018-03-25,ETHBTC,0.06095,0.06236,0.06053,0.06189,109733.6,6712.89
2018-03-24,ETHBTC,0.06103,0.0614,0.0601,0.06095,131983.48,7995.23
2018-03-23,ETHBTC,0.06195,0.063,0.06006,0.06103,145953.53,8953.02
2018-03-22,ETHBTC,0.06302,0.0637,0.061,0.06195,109482.76,6820.07
2018-03-21,ETHBTC,0.0626,0.06489,0.061,0.06302,131655.37,8347.71
2018-03-20,ETHBTC,0.06473,0.06493,0.06192,0.0626,122702.76,7744.94
2018-03-19,ETHBTC,0.06564,0.06673,0.0631,0.06473,126610.38,8184.32
2018-03-18,ETHBTC,0.06991,0.07,0.0618,0.06564,155791.04,10250.17
2018-03-17,ETHBTC,0.07248,0.07356,0.06966,0.06991,80153.84,5796.93
2018-03-16,ETHBTC,0.07387,0.07459,0.07174,0.07248,95945.33,7032.69
2018-03-15,ETHBTC,0.07449,0.07548,0.073,0.07387,107963.57,8010.49
2018-03-14,ETHBTC,0.07536,0.07642,0.07336,0.07449,98573.86,7408.56
2018-03-13,ETHBTC,0.07645,0.07719,0.07485,0.07536,91478.99,6945.71
2018-03-12,ETHBTC,0.07575,0.07697,0.07432,0.07645,73641.64,5573.43
2018-03-11,ETHBTC,0.0776,0.07956,0.07489,0.07575,61225.22,4736.7
2018-03-10,ETHBTC,0.07848,0.07976,0.0772,0.0776,59635.15,4674.25
2018-03-09,ETHBTC,0.07501,0.07886,0.0745,0.07848,110720.64,8499.55
2018-03-08,ETHBTC,0.0757,0.0771,0.0745,0.075,95671.9,7271.68
2018-03-07,ETHBTC,0.07599,0.07648,0.073,0.0757,111286.07,8332.62
2018-03-06,ETHBTC,0.07387,0.077,0.07382,0.07599,86017.59,6497.22
2018-03-05,ETHBTC,0.07528,0.07565,0.07253,0.07387,79967.11,5976.75
2018-03-04,ETHBTC,0.07473,0.07757,0.0746,0.07528,70375.24,5342.44
2018-03-03,ETHBTC,0.07751,0.07782,0.0745,0.07473,92225.24,6994.17
2018-03-02,ETHBTC,0.07972,0.07997,0.07612,0.07751,92807.4,7293.48
2018-03-01,ETHBTC,0.0826,0.083,0.0793,0.07972,94160.29,7653.27
2018-02-28,ETHBTC,0.08234,0.08778,0.08,0.08262,107557.4,8822.52
2018-02-27,ETHBTC,0.08406,0.08589,0.08167,0.08234,101019.02,8398.2
2018-02-26,ETHBTC,0.08786,0.0898,0.0835,0.08406,109407.36,9515.07
2018-02-25,ETHBTC,0.08604,0.0886,0.08589,0.08786,72539.8,6328.04
2018-02-24,ETHBTC,0.08413,0.0866,0.081,0.08604,70450.9,5965.07
2018-02-23,ETHBTC,0.08164,0.08634,0.08159,0.08413,112134.02,9456.72
2018-02-22,ETHBTC,0.08012,0.08186,0.07953,0.08164,83551.36,6734.07
2018-02-21,ETHBTC,0.07882,0.0815,0.0781,0.08012,109125.47,8745.1
2018-02-20,ETHBTC,0.08416,0.08427,0.07083,0.07882,113269.28,9165.85
2018-02-19,ETHBTC,0.0877,0.0886,0.0834,0.08416,95769.77,8270.05
2018-02-18,ETHBTC,0.08782,0.08939,0.08613,0.0877,120350.61,10561.79
2018-02-17,ETHBTC,0.09236,0.09302,0.08766,0.08782,115596.92,10417.76
2018-02-16,ETHBTC,0.0924,0.0945,0.09134,0.09236,118614.64,11018.95
2018-02-15,ETHBTC,0.09725,0.09739,0.0911,0.0924,144063.05,13607.93
2018-02-14,ETHBTC,0.09855,0.0987,0.096,0.09721,128473.23,12546.19
2018-02-13,ETHBTC,0.09737,0.0988,0.09691,0.09855,104875.19,10269.51
2018-02-12,ETHBTC,0.1004,0.1006,0.097,0.09737,109541.56,10851.7
2018-02-11,ETHBTC,0.09968,0.101,0.0993,0.1004,118976.8,11934.92
2018-02-10,ETHBTC,0.101,0.1011,0.0992,0.09968,136250.02,13663.92
2018-02-09,ETHBTC,0.1003,0.1016,0.09913,0.101,67250.46,6774.54
2018-02-08,ETHBTC,0.09936,0.1007,0.09885,0.1003,2776.64,277.07
2018-02-07,ETHBTC,0.1019,0.1026,0.09904,0.09936,98137.03,9883.09
2018-02-06,ETHBTC,0.1008,0.1023,0.09443,0.1019,203147.22,20091.4
2018-02-05,ETHBTC,0.1009,0.1037,0.09563,0.1008,157073.8,15750.79
2018-02-04,ETHBTC,0.1055,0.106,0.09875,0.1009,114996.48,11825.26
2018-02-03,ETHBTC,0.1039,0.1075,0.103,0.1055,112259.63,11821.03
2018-02-02,ETHBTC,0.1132,0.115,0.09688,0.1039,227513.64,24161.68
2018-02-01,ETHBTC,0.1095,0.1238,0.1093,0.1132,213996.65,24700.25
2018-01-31,ETHBTC,0.1061,0.1109,0.1056,0.1095,94890.35,10272.47
2018-01-30,ETHBTC,0.1045,0.108,0.1031,0.1061,123635.59,13100.82
2018-01-29,ETHBTC,0.1052,0.106,0.1033,0.1045,122452.51,12841.8
2018-01-28,ETHBTC,0.09734,0.1056,0.0971,0.1052,170412.83,17356.88
2018-01-27,ETHBTC,0.09483,0.098,0.0945,0.09734,128399.14,12318.21
2018-01-26,ETHBTC,0.09429,0.09693,0.09266,0.09483,166148.64,15766.54
2018-01-25,ETHBTC,0.09341,0.09542,0.093,0.09429,120709.14,11386.86
2018-01-24,ETHBTC,0.09094,0.09423,0.09034,0.09349,198215.59,18191.33
2018-01-23,ETHBTC,0.09219,0.0928,0.08928,0.09094,188165.19,17190.23
2018-01-22,ETHBTC,0.091,0.09299,0.09052,0.09219,192205.54,17661.08
2018-01-21,ETHBTC,0.09017,0.0926,0.0892,0.091,167079.28,15159.81
2018-01-20,ETHBTC,0.09008,0.09126,0.0879,0.09017,200601.24,17982.98
2018-01-19,ETHBTC,0.09062,0.093,0.09,0.09006,220588.16,20070.75
2018-01-18,ETHBTC,0.09122,0.093,0.08794,0.09062,301232.37,27218.78
2018-01-17,ETHBTC,0.09186,0.09378,0.08346,0.09122,342869.19,30354.2
2018-01-16,ETHBTC,0.09412,0.09576,0.082,0.09186,301626.99,27562.24
2018-01-15,ETHBTC,0.09986,0.1012,0.0895,0.09412,229427.52,21927.8
2018-01-14,ETHBTC,0.09762,0.1,0.09555,0.09986,226701.33,22188.72
2018-01-13,ETHBTC,0.09132,0.1005,0.08985,0.09762,321077.07,30385.93
2018-01-12,ETHBTC,0.08597,0.09202,0.085,0.09132,182417.5,16303.39
2018-01-11,ETHBTC,0.08388,0.09222,0.08299,0.08597,327364.16,29017.87
2018-01-10,ETHBTC,0.08983,0.1008,0.08282,0.08388,400830.99,37466.77
2018-01-09,ETHBTC,0.07601,0.093,0.07596,0.08983,351689.83,28908.78
2018-01-08,ETHBTC,0.06931,0.0792,0.069,0.07601,336348.9,25057.83
2018-01-07,ETHBTC,0.05882,0.06981,0.05869,0.06931,198484.82,12933.64
2018-01-06,ETHBTC,0.05658,0.063,0.05555,0.05882,285794.02,16986.27
2018-01-05,ETHBTC,0.06224,0.0697,0.054,0.05658,564905.36,35256.86
2018-01-04,ETHBTC,0.0626,0.07,0.06012,0.0622,540750.78,34916.73
2018-01-03,ETHBTC,0.05826,0.06421,0.05645,0.0626,437713.91,25925.79
2018-01-02,ETHBTC,0.05637,0.06627,0.05104,0.05826,432449.04,26420.78
2018-01-01,ETHBTC,0.05359,0.0572,0.0534,0.05637,297185.5,16554.29
2017-12-31,ETHBTC,0.05513,0.05545,0.05231,0.05359,302674.49,16354.74
2017-12-30,ETHBTC,0.05102,0.0553,0.05,0.05513,360395.74,19157.85
2017-12-29,ETHBTC,0.04985,0.052,0.0495,0.05102,283143.05,14368.83
2017-12-28,ETHBTC,0.0478,0.0517,0.04758,0.04985,246660.09,12182.86
2017-12-27,ETHBTC,0.04781,0.049,0.0463,0.0478,222254.15,10632.85
2017-12-26,ETHBTC,0.05215,0.0538,0.04628,0.0478,259779.21,12757.57
2017-12-25,ETHBTC,0.04879,0.055,0.0487,0.05215,262098.74,13608.3
2017-12-24,ETHBTC,0.04814,0.04925,0.0477,0.04879,242520.61,11739.22
2017-12-23,ETHBTC,0.04761,0.04902,0.0475,0.04816,270308.96,13062.87
2017-12-22,ETHBTC,0.05063,0.05149,0.04534,0.04761,348732.95,16904.0
2017-12-21,ETHBTC,0.04827,0.0517,0.0476,0.05063,316101.38,15714.38
2017-12-20,ETHBTC,0.04621,0.049,0.044,0.04827,297609.81,13961.23
2017-12-19,ETHBTC,0.04157,0.047,0.04096,0.04621,301189.88,13527.88
2017-12-18,ETHBTC,0.03745,0.04311,0.037,0.04157,302948.18,11856.36
2017-12-17,ETHBTC,0.03556,0.03861,0.03553,0.03745,233532.53,8634.61
2017-12-16,ETHBTC,0.03858,0.0409,0.0348,0.03556,223547.52,8442.74
2017-12-15,ETHBTC,0.04155,0.04166,0.0335,0.03858,231577.81,8721.42
2017-12-14,ETHBTC,0.04281,0.0465,0.0396,0.04155,290675.79,12536.21
2017-12-13,ETHBTC,0.038,0.04424,0.03605,0.04281,233540.15,9357.06
2017-12-12,ETHBTC,0.0307,0.04,0.02977,0.038,323182.75,11027.89
2017-12-11,ETHBTC,0.02869,0.0312,0.02675,0.0307,156402.03,4426.26
2017-12-10,ETHBTC,0.03131,0.0329,0.02789,0.02869,141735.7,4354.51
2017-12-09,ETHBTC,0.02786,0.0349,0.02725,0.03131,164039.37,5146.67
2017-12-08,ETHBTC,0.02457,0.032,0.02312,0.02786,174236.4,4820.88
2017-12-07,ETHBTC,0.0304,0.03206,0.02425,0.02457,180134.54,5062.5
2017-12-06,ETHBTC,0.03876,0.03886,0.02941,0.0304,188592.12,6530.53
2017-12-05,ETHBTC,0.04018,0.04037,0.03831,0.03876,140941.65,5544.92
2017-12-04,ETHBTC,0.04114,0.04131,0.04007,0.04018,96170.51,3904.42
2017-12-03,ETHBTC,0.04198,0.04237,0.04042,0.04114,86219.39,3566.74
2017-12-02,ETHBTC,0.0424,0.0427,0.0416,0.04198,87070.22,3667.95
2017-12-01,ETHBTC,0.04365,0.04433,0.04228,0.0424,80683.81,3496.45
2017-11-30,ETHBTC,0.04341,0.0446,0.0425,0.04365,124432.07,5419.02
2017-11-29,ETHBTC,0.04704,0.04789,0.04294,0.04341,171220.19,7735.09
2017-11-28,ETHBTC,0.0489,0.04948,0.04614,0.04704,103300.07,4936.42
2017-11-27,ETHBTC,0.0507,0.0512,0.04841,0.0489,99202.77,4917.2
2017-11-26,ETHBTC,0.05275,0.05291,0.0478,0.0507,103245.41,5230.64
2017-11-25,ETHBTC,0.05765,0.0594,0.05275,0.05275,100980.37,5609.71
2017-11-24,ETHBTC,0.05075,0.0585,0.04785,0.05765,137732.71,7256.7
2017-11-23,ETHBTC,0.04635,0.05236,0.04575,0.05075,150384.06,7325.58
2017-11-22,ETHBTC,0.04467,0.04677,0.0441,0.04635,118085.07,5285.51
2017-11-21,ETHBTC,0.04471,0.04639,0.044,0.04467,97344.1,4361.96
2017-11-20,ETHBTC,0.04397,0.04561,0.04367,0.04471,99317.2,4420.04
2017-11-19,ETHBTC,0.04462,0.04884,0.04282,0.04397,92329.2,4208.82
2017-11-18,ETHBTC,0.0429,0.045,0.0426,0.04462,78785.17,3419.49
2017-11-17,ETHBTC,0.04201,0.04374,0.04091,0.0429,79250.04,3351.32
2017-11-16,ETHBTC,0.04553,0.0465,0.041,0.04201,83845.79,3695.68
2017-11-15,ETHBTC,0.0511,0.0511,0.045,0.04553,62652.27,2986.42
2017-11-14,ETHBTC,0.04842,0.0525,0.04727,0.0511,81467.6,4042.33
2017-11-13,ETHBTC,0.05204,0.05466,0.04638,0.04842,81468.52,4055.84
2017-11-12,ETHBTC,0.04965,0.054,0.0452,0.05204,190339.4,9567.72
2017-11-11,ETHBTC,0.04555,0.05148,0.04409,0.04965,64608.5,3046.02
2017-11-10,ETHBTC,0.04487,0.04669,0.04321,0.04555,62006.96,2774.84
2017-11-09,ETHBTC,0.04142,0.04625,0.04129,0.04487,58897.12,2593.21
2017-11-08,ETHBTC,0.04105,0.04619,0.0385,0.04142,71110.16,2951.06
2017-11-07,ETHBTC,0.04264,0.04293,0.0405,0.04105,40947.46,1706.73
2017-11-06,ETHBTC,0.04015,0.0435,0.03986,0.04264,43337.41,1788.53
2017-11-05,ETHBTC,0.04057,0.04098,0.03882,0.04015,34059.09,1358.49
2017-11-04,ETHBTC,0.04267,0.04308,0.03975,0.04057,34151.78,1414.82
2017-11-03,ETHBTC,0.04029,0.04395,0.0394,0.04267,47135.07,1922.79
2017-11-02,ETHBTC,0.04277,0.04318,0.03759,0.04029,58384.24,2386.07
2017-11-01,ETHBTC,0.047,0.04769,0.0423,0.04277,43498.67,1995.95
2017-10-31,ETHBTC,0.0499,0.05058,0.04681,0.047,31222.25,1529.49
2017-10-30,ETHBTC,0.04965,0.0512,0.04936,0.0499,27508.41,1378.49
2017-10-29,ETHBTC,0.05115,0.05396,0.04845,0.04965,32374.07,1663.99
2017-10-28,ETHBTC,0.05132,0.05186,0.05045,0.05115,22466.88,1149.28
2017-10-27,ETHBTC,0.05009,0.05185,0.0495,0.05132,24555.07,1245.63
2017-10-26,ETHBTC,0.05179,0.05239,0.04951,0.05009,23584.8,1199.53
2017-10-25,ETHBTC,0.05371,0.05415,0.05157,0.05179,25721.78,1369.24
2017-10-24,ETHBTC,0.04784,0.056,0.04718,0.05371,42474.64,2269.91
2017-10-23,ETHBTC,0.04897,0.04938,0.04718,0.04784,32858.7,1589.08
2017-10-22,ETHBTC,0.04995,0.0516,0.0489,0.04897,23776.78,1190.67
2017-10-21,ETHBTC,0.05051,0.05122,0.04705,0.04995,29231.44,1429.88
2017-10-20,ETHBTC,0.05389,0.0545,0.04955,0.05051,32845.0,1728.13
2017-10-19,ETHBTC,0.05616,0.05653,0.0532,0.05389,25956.98,1418.44
2017-10-18,ETHBTC,0.05661,0.05734,0.0554,0.05616,27464.77,1548.28
2017-10-17,ETHBTC,0.05829,0.06035,0.05584,0.05661,24700.44,1422.55
2017-10-16,ETHBTC,0.05928,0.06217,0.05772,0.05829,32542.93,1955.04
2017-10-15,ETHBTC,0.05868,0.061,0.05741,0.05928,28035.98,1655.84
2017-10-14,ETHBTC,0.06002,0.0621,0.05743,0.05868,26605.64,1599.81
2017-10-13,ETHBTC,0.05576,0.0625,0.05108,0.06002,57876.44,3323.55
2017-10-12,ETHBTC,0.06306,0.0635,0.05575,0.05576,38516.56,2289.41
2017-10-11,ETHBTC,0.06304,0.06412,0.06165,0.06306,30329.17,1910.04
2017-10-10,ETHBTC,0.06215,0.0665,0.05996,0.06304,43291.77,2684.98
2017-10-09,ETHBTC,0.06705,0.06746,0.05852,0.06215,45388.58,2887.43
2017-10-08,ETHBTC,0.07036,0.07062,0.06655,0.06705,35359.4,2433.49
2017-10-07,ETHBTC,0.07099,0.07224,0.06973,0.07036,28230.68,2001.66
2017-10-06,ETHBTC,0.06851,0.07106,0.06798,0.07099,31077.33,2140.15
2017-10-05,ETHBTC,0.06925,0.07022,0.06767,0.06851,27389.43,1887.84
2017-10-04,ETHBTC,0.06802,0.07063,0.06748,0.06925,33920.77,2344.26
2017-10-03,ETHBTC,0.06866,0.06902,0.06681,0.06802,36237.36,2467.5
2017-10-02,ETHBTC,0.0691,0.0693,0.0665,0.06866,39731.45,2695.6
2017-10-01,ETHBTC,0.07006,0.07148,0.06811,0.0691,37881.54,2637.69
2017-09-30,ETHBTC,0.07091,0.0733,0.0694,0.07006,36519.69,2578.8
2017-09-29,ETHBTC,0.07251,0.07259,0.06902,0.07091,39877.79,2814.79
2017-09-28,ETHBTC,0.07344,0.0737,0.07151,0.07251,51630.87,3746.03
2017-09-27,ETHBTC,0.07449,0.07473,0.07198,0.07344,43823.62,3212.71
2017-09-26,ETHBTC,0.07517,0.07595,0.07339,0.07449,35251.43,2626.77
2017-09-25,ETHBTC,0.07712,0.0773,0.07453,0.07517,34325.19,2609.33
2017-09-24,ETHBTC,0.07556,0.078,0.0754,0.07712,28453.16,2189.87
2017-09-23,ETHBTC,0.07296,0.07569,0.07196,0.07556,22826.29,1678.86
2017-09-22,ETHBTC,0.07141,0.07296,0.071,0.07296,24159.18,1741.21
2017-09-21,ETHBTC,0.07334,0.0738,0.07057,0.07141,24372.74,1771.1
2017-09-20,ETHBTC,0.07253,0.0734,0.0718,0.07334,16590.25,1203.48
2017-09-19,ETHBTC,0.0731,0.07352,0.0718,0.07253,8803.03,637.42
2017-09-18,ETHBTC,0.06985,0.07591,0.06961,0.0731,5768.82,422.14
2017-09-17,ETHBTC,0.06832,0.07049,0.06723,0.06985,4133.94,284.27
2017-09-16,ETHBTC,0.06951,0.07004,0.06674,0.06832,8178.93,563.24
2017-09-15,ETHBTC,0.06877,0.071,0.065,0.06951,10636.04,733.04
2017-09-14,ETHBTC,0.07147,0.07151,0.0671,0.06877,11288.62,785.74
2017-09-13,ETHBTC,0.0706,0.0715,0.06736,0.07147,7537.14,526.92
2017-09-12,ETHBTC,0.07063,0.07278,0.068,0.0706,14148.06,1004.96
2017-09-11,ETHBTC,0.07013,0.072,0.06875,0.07063,7373.54,518.42
2017-09-10,ETHBTC,0.07015,0.0711,0.06818,0.07013,7736.02,538.97
2017-09-09,ETHBTC,0.07025,0.07168,0.06803,0.07015,8518.02,593.49
2017-09-08,ETHBTC,0.0716,0.07251,0.06555,0.07025,21729.22,1526.19
2017-09-07,ETHBTC,0.07282,0.07299,0.065,0.0716,15343.72,1093.3
2017-09-06,ETHBTC,0.07179,0.07387,0.07095,0.07282,33284.4,2412.49
2017-09-05,ETHBTC,0.07032,0.07215,0.06566,0.07179,39497.9,2766.25
2017-09-04,ETHBTC,0.07594,0.07607,0.065,0.07032,47687.92,3378.78
2017-09-03,ETHBTC,0.0764,0.07886,0.07374,0.07594,40468.65,3078.79
2017-09-02,ETHBTC,0.08085,0.08274,0.07386,0.0764,31174.42,2413.53
2017-09-01,ETHBTC,0.08197,0.08441,0.08002,0.08085,26913.03,2207.67
2017-08-31,ETHBTC,0.0842,0.0842,0.0816,0.08197,25555.19,2115.62
2017-08-30,ETHBTC,0.08155,0.08508,0.08078,0.0842,29688.83,2462.79
2017-08-29,ETHBTC,0.07963,0.0844,0.07904,0.08155,31309.22,2543.38
2017-08-28,ETHBTC,0.08044,0.08188,0.0785,0.07963,27665.12,2212.5
2017-08-27,ETHBTC,0.07665,0.0826,0.07538,0.08044,35181.25,2726.97
2017-08-26,ETHBTC,0.07659,0.07871,0.07527,0.07665,30233.93,2318.8
2017-08-25,ETHBTC,0.07534,0.0779,0.07474,0.07659,34238.87,2619.4
2017-08-24,ETHBTC,0.07706,0.07865,0.07457,0.07534,42241.51,3229.89
2017-08-23,ETHBTC,0.07683,0.07969,0.07416,0.07706,39966.0,3061.09
2017-08-22,ETHBTC,0.08052,0.0845,0.07001,0.07683,40146.92,3203.02
2017-08-21,ETHBTC,0.0722,0.08866,0.07151,0.08052,45611.6,3639.02
2017-08-20,ETHBTC,0.07004,0.073,0.069,0.0722,21417.95,1525.37
2017-08-19,ETHBTC,0.07143,0.07374,0.06993,0.07004,18851.89,1346.73
2017-08-18,ETHBTC,0.07048,0.07301,0.06957,0.07143,28693.1,2036.51
2017-08-17,ETHBTC,0.06974,0.07225,0.06808,0.07048,22913.07,1610.07
2017-08-16,ETHBTC,0.06939,0.07667,0.06831,0.06974,20924.93,1493.12
2017-08-15,ETHBTC,0.0709,0.0752,0.06616,0.06939,27205.7,1904.84
2017-08-14,ETHBTC,0.07382,0.07991,0.06853,0.0709,27241.6,1976.94
2017-08-13,ETHBTC,0.08016,0.08046,0.06801,0.07382,19771.54,1447.03
2017-08-12,ETHBTC,0.08494,0.0876,0.08001,0.08016,14511.98,1216.3
2017-08-11,ETHBTC,0.08447,0.08718,0.08317,0.08494,16993.32,1449.17
2017-08-10,ETHBTC,0.08316,0.09092,0.08249,0.08447,15588.64,1368.78
2017-08-09,ETHBTC,0.0853,0.09358,0.08037,0.08316,14600.47,1287.42
2017-08-08,ETHBTC,0.0812,0.08744,0.078,0.0853,14118.44,1162.33
2017-08-07,ETHBTC,0.08103,0.08248,0.07955,0.0812,13122.9,1063.54
2017-08-06,ETHBTC,0.07916,0.08315,0.07851,0.08103,12467.97,1004.15
2017-08-05,ETHBTC,0.07648,0.07932,0.07132,0.07916,11731.75,897.16
2017-08-04,ETHBTC,0.07896,0.08071,0.07633,0.07648,12010.86,941.31
2017-08-03,ETHBTC,0.08016,0.08379,0.07828,0.07896,10981.88,886.45
2017-08-02,ETHBTC,0.08357,0.08497,0.07963,0.08016,13303.45,1084.53
2017-08-01,ETHBTC,0.07248,0.08526,0.07237,0.08357,12950.98,1017.6
2017-07-31,ETHBTC,0.07011,0.07334,0.06759,0.07248,11567.69,824.4
2017-07-30,ETHBTC,0.07577,0.07668,0.06988,0.07011,12529.37,918.38
2017-07-29,ETHBTC,0.0688,0.07681,0.06434,0.07577,13758.39,944.81
2017-07-28,ETHBTC,0.07745,0.07786,0.06683,0.0688,10397.83,745.9
2017-07-27,ETHBTC,0.07989,0.08187,0.07706,0.07745,7932.67,636.82
2017-07-26,ETHBTC,0.07965,0.08117,0.07761,0.07989,7097.39,567.52
2017-07-25,ETHBTC,0.08316,0.08316,0.07548,0.07965,7414.59,600.08
2017-07-24,ETHBTC,0.08353,0.08397,0.08227,0.08316,7016.62,582.55
2017-07-23,ETHBTC,0.08247,0.08456,0.08142,0.08353,6010.32,500.07
2017-07-22,ETHBTC,0.08158,0.08473,0.07986,0.08247,7476.7,610.55
2017-07-21,ETHBTC,0.08051,0.08751,0.07963,0.08158,6953.95,578.1
2017-07-20,ETHBTC,0.08685,0.09525,0.07498,0.08051,5992.85,528.53
2017-07-19,ETHBTC,0.1077,0.1087,0.08429,0.08685,6961.31,681.57
2017-07-18,ETHBTC,0.08754,0.1091,0.08478,0.1077,6751.39,628.12
2017-07-17,ETHBTC,0.08224,0.08839,0.0817,0.08754,6292.27,537.57
2017-07-16,ETHBTC,0.08764,0.08764,0.07559,0.08224,8356.1,677.69
2017-07-15,ETHBTC,0.09099,0.0937,0.08713,0.08764,3736.52,337.98
2017-07-14,ETHBTC,0.08709,0.09103,0.08548,0.09099,939.25,82.95
